year_month;colectivo;colectivo_euskera;colectivo_reducido;colectivo_reducido_euskera;edad;edad_index;sexo;sexo_euskera;procedencia;procedencia_euskera;municipio;th;th_string;nivel_academico_index;nivel_academico_string;nivel_academico_string_euskera;contributiva;contributiva_string;contributiva_string_euskera;rgi;rgi_string;rgi_string_euskera;subsidio;subsidio_string;subsidio_string_euskera;autonomo;primer_nivel;primer_nivel_euskera;segundo_nivel;segundo_nivel_euskera;municipio_nombre;comarca_nombre;total
2022-01;ERTEs;ERTEak;ERTEs;ERTEak;>=55;4;Hombre;Gizona;No Extranjero;Ez atzerritarra;01049;01;Araba;1;Hasta obligatorios;Derrigorrezko ikasketak arte;0;Sin contributiva;Prestazio Kontribuziorik gabe;0;Sin RGI;DBErik gabe;0;Sin subisidio;Subsidiorik gabe;1;C - Industria manufacturera;C - Manufaktura industria;28 - Fabricación de maquinaria y equipo n.c.o.p.;28 - Beste inon sailkatu gabeko makinen eta ekipoen fabrikazioa;AÑANA;VALLES ALAVESES;1
2022-01;Paro registrado;Erregistratutako langabezia;Paro registrado;Erregistratutako langabezia;45 a 54;3;Hombre;Gizona;No Extranjero;Ez atzerritarra;01049;01;Araba;1;Hasta obligatorios;Derrigorrezko ikasketak arte;0;Sin contributiva;Prestazio Kontribuziorik gabe;0;Sin RGI;DBErik gabe;0;Sin subisidio;Subsidiorik gabe;0;R - Actividades artísticas, recreativas y de entrenimiento;R - Arte, aisialdi eta entretenitzeko jarduerak;91 - Actividades de bibliotecas, archivos, museos y otras actividades culturales;91 - Liburutegi, agiritegi eta museoko jarduerak eta beste kultur jarduera batzuk;AÑANA;VALLES ALAVESES;1
2022-01;Régimen general, autónomos, agrarios;Erregimen Orokorrara, autonomoak, nekazaritzakoak;Personas ocupadas;Landunak;45 a 54;3;Hombre;Gizona;No Extranjero;Ez atzerritarra;01049;01;Araba;1;Hasta obligatorios;Derrigorrezko ikasketak arte;0;Sin contributiva;Prestazio Kontribuziorik gabe;0;Sin RGI;DBErik gabe;0;Sin subisidio;Subsidiorik gabe;0;N - Actividades administrativas y servicios auxliares;N - Administrazio jarduerak eta zerbitzu lagungarriak;78 - Actividades relacionadas con el empleo;78 - Enpleguarekin uztartutako jarduerak;AÑANA;VALLES ALAVESES;1
2022-02;ERTEs;ERTEak;ERTEs;ERTEak;30 a 44;2;Mujer;Emakumea;Extracomunitario;Europar Batasunetik kanpoko atzerritarra;01049;01;Araba;1;Hasta obligatorios;Derrigorrezko ikasketak arte;0;Sin contributiva;Prestazio Kontribuziorik gabe;0;Sin RGI;DBErik gabe;0;Sin subisidio;Subsidiorik gabe;0;S - Otros servicios;S - Beste zerbitzu batzuk;96 - Otros servicios personales;96 - Beste zerbitzu pertsonal batzuk;AÑANA;VALLES ALAVESES;1
2022-02;ERTEs;ERTEak;ERTEs;ERTEak;>=55;4;Hombre;Gizona;No Extranjero;Ez atzerritarra;01049;01;Araba;1;Hasta obligatorios;Derrigorrezko ikasketak arte;0;Sin contributiva;Prestazio Kontribuziorik gabe;0;Sin RGI;DBErik gabe;0;Sin subisidio;Subsidiorik gabe;1;C - Industria manufacturera;C - Manufaktura industria;28 - Fabricación de maquinaria y equipo n.c.o.p.;28 - Beste inon sailkatu gabeko makinen eta ekipoen fabrikazioa;AÑANA;VALLES ALAVESES;1
2022-02;Régimen general, autónomos, agrarios;Erregimen Orokorrara, autonomoak, nekazaritzakoak;Personas ocupadas;Landunak;30 a 44;2;Mujer;Emakumea;No Extranjero;Ez atzerritarra;01049;01;Araba;1;Hasta obligatorios;Derrigorrezko ikasketak arte;0;Sin contributiva;Prestazio Kontribuziorik gabe;0;Sin RGI;DBErik gabe;0;Sin subisidio;Subsidiorik gabe;0;I - Hostelería;I - Ostalaritza;56 - Servicios de comidas y bebidas;56 - Jaki eta edari zerbitzuak;AÑANA;VALLES ALAVESES;1
2022-03;Paro registrado;Erregistratutako langabezia;Paro registrado;Erregistratutako langabezia;>=55;4;Hombre;Gizona;No Extranjero;Ez atzerritarra;01049;01;Araba;1;Hasta obligatorios;Derrigorrezko ikasketak arte;0;Sin contributiva;Prestazio Kontribuziorik gabe;0;Sin RGI;DBErik gabe;0;Sin subisidio;Subsidiorik gabe;0;O - Administración Pública y defensa, Seguridad Social obligatoria;O - Herri administrazioa eta defentsa: derrigorrezko gizarte segurantza;84 - Administración Pública y defensa: Seguridad Social obligatoria;84 - Herri Administrazioa eta defentsa: Derrigorrezko Gizarte Segurantza;AÑANA;VALLES ALAVESES;1
2022-03;Paro registrado;Erregistratutako langabezia;Paro registrado;Erregistratutako langabezia;>=55;4;Hombre;Gizona;No Extranjero;Ez atzerritarra;01049;01;Araba;1;Hasta obligatorios;Derrigorrezko ikasketak arte;1;Con contributiva;Prestazio kontributiboarekin;0;Sin RGI;DBErik gabe;0;Sin subisidio;Subsidiorik gabe;0;C - Industria manufacturera;C - Manufaktura industria;29 - Fabricación de vehículos de motor, remolques y semirremolques;29 - Ibilgailu motordunen, atoien eta erdiatoien fabrikazioa;AÑANA;VALLES ALAVESES;1
2022-03;Régimen general, autónomos, agrarios;Erregimen Orokorrara, autonomoak, nekazaritzakoak;Personas ocupadas;Landunak;30 a 44;2;Mujer;Emakumea;No Extranjero;Ez atzerritarra;01049;01;Araba;5;Universitarios;Unibertsitarioak;1;Con contributiva;Prestazio kontributiboarekin;0;Sin RGI;DBErik gabe;0;Sin subisidio;Subsidiorik gabe;0;C - Industria manufacturera;C - Manufaktura industria;28 - Fabricación de maquinaria y equipo n.c.o.p.;28 - Beste inon sailkatu gabeko makinen eta ekipoen fabrikazioa;AÑANA;VALLES ALAVESES;1
2022-03;Régimen general, autónomos, agrarios;Erregimen Orokorrara, autonomoak, nekazaritzakoak;Personas ocupadas;Landunak;45 a 54;3;Hombre;Gizona;No Extranjero;Ez atzerritarra;01049;01;Araba;1;Hasta obligatorios;Derrigorrezko ikasketak arte;0;Sin contributiva;Prestazio Kontribuziorik gabe;0;Sin RGI;DBErik gabe;0;Sin subisidio;Subsidiorik gabe;0;N - Actividades administrativas y servicios auxliares;N - Administrazio jarduerak eta zerbitzu lagungarriak;78 - Actividades relacionadas con el empleo;78 - Enpleguarekin uztartutako jarduerak;AÑANA;VALLES ALAVESES;1
2022-03;Régimen general, autónomos, agrarios;Erregimen Orokorrara, autonomoak, nekazaritzakoak;Personas ocupadas;Landunak;>=55;4;Hombre;Gizona;No Extranjero;Ez atzerritarra;01049;01;Araba;3;FP Medio;Erdi-mailako LH;0;Sin contributiva;Prestazio Kontribuziorik gabe;0;Sin RGI;DBErik gabe;0;Sin subisidio;Subsidiorik gabe;0;G - Comercio al por mayor y al por menor, reparación de vehículos de motor y motocicletas;G - Handizkako eta txikizkako merkataritza: ibilgailu motordunen eta motozikleten konponketa;46 - Comercio al por mayor e intermediarios del comercio, excepto de vehículos de motor y motocicletas;46 - Handizkako merkataritza eta merkataritzako bitartekariak, ibilgailu motordunen eta motozikletena salbu;AÑANA;VALLES ALAVESES;1
2022-04;Régimen general, autónomos, agrarios;Erregimen Orokorrara, autonomoak, nekazaritzakoak;Personas ocupadas;Landunak;30 a 44;2;Mujer;Emakumea;No Extranjero;Ez atzerritarra;01049;01;Araba;5;Universitarios;Unibertsitarioak;0;Sin contributiva;Prestazio Kontribuziorik gabe;0;Sin RGI;DBErik gabe;0;Sin subisidio;Subsidiorik gabe;0;Q - Actividades sanitarias y de servicios sociales;Q - Osasun eta gizarte zerbitzuetako jarduerak;88 - Actividades de servicios sociales sin alojamiento;88 - Ostaturik gabeko gizarte zerbitzuen jarduerak;AÑANA;VALLES ALAVESES;1
2022-04;Régimen general, autónomos, agrarios;Erregimen Orokorrara, autonomoak, nekazaritzakoak;Personas ocupadas;Landunak;45 a 54;3;Hombre;Gizona;No Extranjero;Ez atzerritarra;01049;01;Araba;1;Hasta obligatorios;Derrigorrezko ikasketak arte;0;Sin contributiva;Prestazio Kontribuziorik gabe;0;Sin RGI;DBErik gabe;0;Sin subisidio;Subsidiorik gabe;0;N - Actividades administrativas y servicios auxliares;N - Administrazio jarduerak eta zerbitzu lagungarriak;78 - Actividades relacionadas con el empleo;78 - Enpleguarekin uztartutako jarduerak;AÑANA;VALLES ALAVESES;1
2022-04;Régimen general, autónomos, agrarios;Erregimen Orokorrara, autonomoak, nekazaritzakoak;Personas ocupadas;Landunak;<30;1;Hombre;Gizona;No Extranjero;Ez atzerritarra;01049;01;Araba;5;Universitarios;Unibertsitarioak;0;Sin contributiva;Prestazio Kontribuziorik gabe;0;Sin RGI;DBErik gabe;0;Sin subisidio;Subsidiorik gabe;0;O - Administración Pública y defensa, Seguridad Social obligatoria;O - Herri administrazioa eta defentsa: derrigorrezko gizarte segurantza;84 - Administración Pública y defensa: Seguridad Social obligatoria;84 - Herri Administrazioa eta defentsa: Derrigorrezko Gizarte Segurantza;AÑANA;VALLES ALAVESES;1
2022-05;Paro registrado;Erregistratutako langabezia;Paro registrado;Erregistratutako langabezia;45 a 54;3;Hombre;Gizona;No Extranjero;Ez atzerritarra;01049;01;Araba;1;Hasta obligatorios;Derrigorrezko ikasketak arte;0;Sin contributiva;Prestazio Kontribuziorik gabe;0;Sin RGI;DBErik gabe;0;Sin subisidio;Subsidiorik gabe;0;R - Actividades artísticas, recreativas y de entrenimiento;R - Arte, aisialdi eta entretenitzeko jarduerak;91 - Actividades de bibliotecas, archivos, museos y otras actividades culturales;91 - Liburutegi, agiritegi eta museoko jarduerak eta beste kultur jarduera batzuk;AÑANA;VALLES ALAVESES;1
2022-05;Paro registrado;Erregistratutako langabezia;Paro registrado;Erregistratutako langabezia;>=55;4;Hombre;Gizona;No Extranjero;Ez atzerritarra;01049;01;Araba;1;Hasta obligatorios;Derrigorrezko ikasketak arte;1;Con contributiva;Prestazio kontributiboarekin;0;Sin RGI;DBErik gabe;0;Sin subisidio;Subsidiorik gabe;0;C - Industria manufacturera;C - Manufaktura industria;29 - Fabricación de vehículos de motor, remolques y semirremolques;29 - Ibilgailu motordunen, atoien eta erdiatoien fabrikazioa;AÑANA;VALLES ALAVESES;1
2022-05;Régimen general, autónomos, agrarios;Erregimen Orokorrara, autonomoak, nekazaritzakoak;Personas ocupadas;Landunak;30 a 44;2;Mujer;Emakumea;No Extranjero;Ez atzerritarra;01049;01;Araba;1;Hasta obligatorios;Derrigorrezko ikasketak arte;0;Sin contributiva;Prestazio Kontribuziorik gabe;0;Sin RGI;DBErik gabe;0;Sin subisidio;Subsidiorik gabe;0;I - Hostelería;I - Ostalaritza;56 - Servicios de comidas y bebidas;56 - Jaki eta edari zerbitzuak;AÑANA;VALLES ALAVESES;1
2022-05;Régimen general, autónomos, agrarios;Erregimen Orokorrara, autonomoak, nekazaritzakoak;Personas ocupadas;Landunak;30 a 44;2;Mujer;Emakumea;No Extranjero;Ez atzerritarra;01049;01;Araba;1;Hasta obligatorios;Derrigorrezko ikasketak arte;0;Sin contributiva;Prestazio Kontribuziorik gabe;0;Sin RGI;DBErik gabe;0;Sin subisidio;Subsidiorik gabe;0;P - Educación;P - Hezkuntza;85 - Educación;85 - Hezkuntza;AÑANA;VALLES ALAVESES;1
2022-05;Régimen general, autónomos, agrarios;Erregimen Orokorrara, autonomoak, nekazaritzakoak;Personas ocupadas;Landunak;45 a 54;3;Hombre;Gizona;No Extranjero;Ez atzerritarra;01049;01;Araba;1;Hasta obligatorios;Derrigorrezko ikasketak arte;0;Sin contributiva;Prestazio Kontribuziorik gabe;0;Sin RGI;DBErik gabe;0;Sin subisidio;Subsidiorik gabe;0;N - Actividades administrativas y servicios auxliares;N - Administrazio jarduerak eta zerbitzu lagungarriak;78 - Actividades relacionadas con el empleo;78 - Enpleguarekin uztartutako jarduerak;AÑANA;VALLES ALAVESES;1
2022-05;Régimen general, autónomos, agrarios;Erregimen Orokorrara, autonomoak, nekazaritzakoak;Personas ocupadas;Landunak;<30;1;Hombre;Gizona;No Extranjero;Ez atzerritarra;01049;01;Araba;5;Universitarios;Unibertsitarioak;0;Sin contributiva;Prestazio Kontribuziorik gabe;0;Sin RGI;DBErik gabe;0;Sin subisidio;Subsidiorik gabe;0;O - Administración Pública y defensa, Seguridad Social obligatoria;O - Herri administrazioa eta defentsa: derrigorrezko gizarte segurantza;84 - Administración Pública y defensa: Seguridad Social obligatoria;84 - Herri Administrazioa eta defentsa: Derrigorrezko Gizarte Segurantza;AÑANA;VALLES ALAVESES;1
2022-05;Régimen general, autónomos, agrarios;Erregimen Orokorrara, autonomoak, nekazaritzakoak;Personas ocupadas;Landunak;>=55;4;Hombre;Gizona;No Extranjero;Ez atzerritarra;01049;01;Araba;1;Hasta obligatorios;Derrigorrezko ikasketak arte;0;Sin contributiva;Prestazio Kontribuziorik gabe;0;Sin RGI;DBErik gabe;0;Sin subisidio;Subsidiorik gabe;1;C - Industria manufacturera;C - Manufaktura industria;28 - Fabricación de maquinaria y equipo n.c.o.p.;28 - Beste inon sailkatu gabeko makinen eta ekipoen fabrikazioa;AÑANA;VALLES ALAVESES;1
2022-06;Régimen general, autónomos, agrarios;Erregimen Orokorrara, autonomoak, nekazaritzakoak;Personas ocupadas;Landunak;30 a 44;2;Mujer;Emakumea;No Extranjero;Ez atzerritarra;01049;01;Araba;5;Universitarios;Unibertsitarioak;0;Sin contributiva;Prestazio Kontribuziorik gabe;0;Sin RGI;DBErik gabe;0;Sin subisidio;Subsidiorik gabe;0;C - Industria manufacturera;C - Manufaktura industria;28 - Fabricación de maquinaria y equipo n.c.o.p.;28 - Beste inon sailkatu gabeko makinen eta ekipoen fabrikazioa;AÑANA;VALLES ALAVESES;1
2022-07;Paro registrado;Erregistratutako langabezia;Paro registrado;Erregistratutako langabezia;45 a 54;3;Hombre;Gizona;No Extranjero;Ez atzerritarra;01049;01;Araba;1;Hasta obligatorios;Derrigorrezko ikasketak arte;0;Sin contributiva;Prestazio Kontribuziorik gabe;0;Sin RGI;DBErik gabe;0;Sin subisidio;Subsidiorik gabe;0;N - Actividades administrativas y servicios auxliares;N - Administrazio jarduerak eta zerbitzu lagungarriak;78 - Actividades relacionadas con el empleo;78 - Enpleguarekin uztartutako jarduerak;AÑANA;VALLES ALAVESES;1
2022-07;Paro registrado;Erregistratutako langabezia;Paro registrado;Erregistratutako langabezia;<30;1;Hombre;Gizona;No Extranjero;Ez atzerritarra;01049;01;Araba;1;Hasta obligatorios;Derrigorrezko ikasketak arte;1;Con contributiva;Prestazio kontributiboarekin;0;Sin RGI;DBErik gabe;0;Sin subisidio;Subsidiorik gabe;0;C - Industria manufacturera;C - Manufaktura industria;29 - Fabricación de vehículos de motor, remolques y semirremolques;29 - Ibilgailu motordunen, atoien eta erdiatoien fabrikazioa;AÑANA;VALLES ALAVESES;1
2022-07;Régimen general, autónomos, agrarios;Erregimen Orokorrara, autonomoak, nekazaritzakoak;Personas ocupadas;Landunak;30 a 44;2;Mujer;Emakumea;No Extranjero;Ez atzerritarra;01049;01;Araba;1;Hasta obligatorios;Derrigorrezko ikasketak arte;0;Sin contributiva;Prestazio Kontribuziorik gabe;0;Sin RGI;DBErik gabe;0;Sin subisidio;Subsidiorik gabe;0;I - Hostelería;I - Ostalaritza;56 - Servicios de comidas y bebidas;56 - Jaki eta edari zerbitzuak;AÑANA;VALLES ALAVESES;1
2022-07;Régimen general, autónomos, agrarios;Erregimen Orokorrara, autonomoak, nekazaritzakoak;Personas ocupadas;Landunak;30 a 44;2;Mujer;Emakumea;No Extranjero;Ez atzerritarra;01049;01;Araba;5;Universitarios;Unibertsitarioak;0;Sin contributiva;Prestazio Kontribuziorik gabe;0;Sin RGI;DBErik gabe;0;Sin subisidio;Subsidiorik gabe;0;C - Industria manufacturera;C - Manufaktura industria;28 - Fabricación de maquinaria y equipo n.c.o.p.;28 - Beste inon sailkatu gabeko makinen eta ekipoen fabrikazioa;AÑANA;VALLES ALAVESES;1
2022-07;Régimen general, autónomos, agrarios;Erregimen Orokorrara, autonomoak, nekazaritzakoak;Personas ocupadas;Landunak;<30;1;Hombre;Gizona;No Extranjero;Ez atzerritarra;01049;01;Araba;5;Universitarios;Unibertsitarioak;0;Sin contributiva;Prestazio Kontribuziorik gabe;0;Sin RGI;DBErik gabe;0;Sin subisidio;Subsidiorik gabe;0;O - Administración Pública y defensa, Seguridad Social obligatoria;O - Herri administrazioa eta defentsa: derrigorrezko gizarte segurantza;84 - Administración Pública y defensa: Seguridad Social obligatoria;84 - Herri Administrazioa eta defentsa: Derrigorrezko Gizarte Segurantza;AÑANA;VALLES ALAVESES;1
2022-08;Régimen general, autónomos, agrarios;Erregimen Orokorrara, autonomoak, nekazaritzakoak;Personas ocupadas;Landunak;30 a 44;2;Mujer;Emakumea;No Extranjero;Ez atzerritarra;01049;01;Araba;1;Hasta obligatorios;Derrigorrezko ikasketak arte;0;Sin contributiva;Prestazio Kontribuziorik gabe;0;Sin RGI;DBErik gabe;0;Sin subisidio;Subsidiorik gabe;0;I - Hostelería;I - Ostalaritza;56 - Servicios de comidas y bebidas;56 - Jaki eta edari zerbitzuak;AÑANA;VALLES ALAVESES;1
2022-08;Régimen general, autónomos, agrarios;Erregimen Orokorrara, autonomoak, nekazaritzakoak;Personas ocupadas;Landunak;45 a 54;3;Hombre;Gizona;No Extranjero;Ez atzerritarra;01049;01;Araba;1;Hasta obligatorios;Derrigorrezko ikasketak arte;0;Sin contributiva;Prestazio Kontribuziorik gabe;0;Sin RGI;DBErik gabe;0;Sin subisidio;Subsidiorik gabe;0;Q - Actividades sanitarias y de servicios sociales;Q - Osasun eta gizarte zerbitzuetako jarduerak;88 - Actividades de servicios sociales sin alojamiento;88 - Ostaturik gabeko gizarte zerbitzuen jarduerak;AÑANA;VALLES ALAVESES;1
2022-08;Suspendidos con intermediación;Lan-bitartekaritzarekin etenda daudenak;Demandantes no parados;Langabezian ez dauden eskatzaileak;30 a 44;2;Mujer;Emakumea;No Extranjero;Ez atzerritarra;01049;01;Araba;1;Hasta obligatorios;Derrigorrezko ikasketak arte;0;Sin contributiva;Prestazio Kontribuziorik gabe;0;Sin RGI;DBErik gabe;0;Sin subisidio;Subsidiorik gabe;0;P - Educación;P - Hezkuntza;85 - Educación;85 - Hezkuntza;AÑANA;VALLES ALAVESES;1
2022-09;Paro registrado;Erregistratutako langabezia;Paro registrado;Erregistratutako langabezia;30 a 44;2;Mujer;Emakumea;No Extranjero;Ez atzerritarra;01049;01;Araba;1;Hasta obligatorios;Derrigorrezko ikasketak arte;0;Sin contributiva;Prestazio Kontribuziorik gabe;0;Sin RGI;DBErik gabe;0;Sin subisidio;Subsidiorik gabe;0;T - Actividades de los hogares como empleadores de personal doméstico, actividades de los hogares como productores de bienes y servicios para uso propio;T - Etxeetako jarduerak etxeko lanak egiteko langileei lana emateko moduan: etxeetako jarduerak ondasunen ekoizle moduan eta erabilera propiorako zerbitzuak;97 - Actividades de los hogares como empleadores de personal doméstico;97 - Etxeetako jarduerak etxeko lanak egiteko langileei lana emateko moduan;AÑANA;VALLES ALAVESES;1
2022-09;Paro registrado;Erregistratutako langabezia;Paro registrado;Erregistratutako langabezia;<30;1;Hombre;Gizona;No Extranjero;Ez atzerritarra;01049;01;Araba;1;Hasta obligatorios;Derrigorrezko ikasketak arte;1;Con contributiva;Prestazio kontributiboarekin;0;Sin RGI;DBErik gabe;0;Sin subisidio;Subsidiorik gabe;0;C - Industria manufacturera;C - Manufaktura industria;29 - Fabricación de vehículos de motor, remolques y semirremolques;29 - Ibilgailu motordunen, atoien eta erdiatoien fabrikazioa;AÑANA;VALLES ALAVESES;1
2022-10;Fijos discontinuos;Aldizkako langile finkoak;Demandantes no parados;Langabezian ez dauden eskatzaileak;45 a 54;3;Hombre;Gizona;No Extranjero;Ez atzerritarra;01049;01;Araba;1;Hasta obligatorios;Derrigorrezko ikasketak arte;1;Con contributiva;Prestazio kontributiboarekin;1;Con RGI;DBErekin;0;Sin subisidio;Subsidiorik gabe;0;N - Actividades administrativas y servicios auxliares;N - Administrazio jarduerak eta zerbitzu lagungarriak;78 - Actividades relacionadas con el empleo;78 - Enpleguarekin uztartutako jarduerak;AÑANA;VALLES ALAVESES;1
2022-10;Paro registrado;Erregistratutako langabezia;Paro registrado;Erregistratutako langabezia;<30;1;Hombre;Gizona;Extracomunitario;Europar Batasunetik kanpoko atzerritarra;01049;01;Araba;1;Hasta obligatorios;Derrigorrezko ikasketak arte;0;Sin contributiva;Prestazio Kontribuziorik gabe;0;Sin RGI;DBErik gabe;1;Con subisidio;Subsidioarekin;0;N - Actividades administrativas y servicios auxliares;N - Administrazio jarduerak eta zerbitzu lagungarriak;78 - Actividades relacionadas con el empleo;78 - Enpleguarekin uztartutako jarduerak;AÑANA;VALLES ALAVESES;1
2022-10;Régimen general, autónomos, agrarios;Erregimen Orokorrara, autonomoak, nekazaritzakoak;Personas ocupadas;Landunak;45 a 54;3;Hombre;Gizona;No Extranjero;Ez atzerritarra;01049;01;Araba;1;Hasta obligatorios;Derrigorrezko ikasketak arte;0;Sin contributiva;Prestazio Kontribuziorik gabe;0;Sin RGI;DBErik gabe;0;Sin subisidio;Subsidiorik gabe;1;F - Construcción;F - Eraikuntza;43 - Actividades de construcción especializada;43 - Eraikuntza espezializatuko jarduerak;AÑANA;VALLES ALAVESES;1
2022-11;Paro registrado;Erregistratutako langabezia;Paro registrado;Erregistratutako langabezia;30 a 44;2;Mujer;Emakumea;No Extranjero;Ez atzerritarra;01049;01;Araba;1;Hasta obligatorios;Derrigorrezko ikasketak arte;0;Sin contributiva;Prestazio Kontribuziorik gabe;0;Sin RGI;DBErik gabe;0;Sin subisidio;Subsidiorik gabe;0;T - Actividades de los hogares como empleadores de personal doméstico, actividades de los hogares como productores de bienes y servicios para uso propio;T - Etxeetako jarduerak etxeko lanak egiteko langileei lana emateko moduan: etxeetako jarduerak ondasunen ekoizle moduan eta erabilera propiorako zerbitzuak;97 - Actividades de los hogares como empleadores de personal doméstico;97 - Etxeetako jarduerak etxeko lanak egiteko langileei lana emateko moduan;AÑANA;VALLES ALAVESES;1
2022-11;Paro registrado;Erregistratutako langabezia;Paro registrado;Erregistratutako langabezia;>=55;4;Hombre;Gizona;No Extranjero;Ez atzerritarra;01049;01;Araba;1;Hasta obligatorios;Derrigorrezko ikasketak arte;0;Sin contributiva;Prestazio Kontribuziorik gabe;0;Sin RGI;DBErik gabe;0;Sin subisidio;Subsidiorik gabe;0;E - Suministro de agua, actividades de saneamiento, gestión de residuos y descontaminación;E - Ur hornidura, saneamendu jarduerak, hondakinen kudeaketa eta deskontaminazioa;38 - Recogida, tratamiento y eliminación de residuos: valorización;38 - Hondakinak bildu, tratatu eta deuseztatu: balorizazioa;AÑANA;VALLES ALAVESES;1
2022-11;Régimen general, autónomos, agrarios;Erregimen Orokorrara, autonomoak, nekazaritzakoak;Personas ocupadas;Landunak;<30;1;Hombre;Gizona;No Extranjero;Ez atzerritarra;01049;01;Araba;5;Universitarios;Unibertsitarioak;0;Sin contributiva;Prestazio Kontribuziorik gabe;0;Sin RGI;DBErik gabe;0;Sin subisidio;Subsidiorik gabe;0;Q - Actividades sanitarias y de servicios sociales;Q - Osasun eta gizarte zerbitzuetako jarduerak;88 - Actividades de servicios sociales sin alojamiento;88 - Ostaturik gabeko gizarte zerbitzuen jarduerak;AÑANA;VALLES ALAVESES;1
2022-01;Paro registrado;Erregistratutako langabezia;Paro registrado;Erregistratutako langabezia;30 a 44;2;Mujer;Emakumea;No Extranjero;Ez atzerritarra;01049;01;Araba;5;Universitarios;Unibertsitarioak;1;Con contributiva;Prestazio kontributiboarekin;0;Sin RGI;DBErik gabe;0;Sin subisidio;Subsidiorik gabe;0;C - Industria manufacturera;C - Manufaktura industria;28 - Fabricación de maquinaria y equipo n.c.o.p.;28 - Beste inon sailkatu gabeko makinen eta ekipoen fabrikazioa;AÑANA;VALLES ALAVESES;1
2022-01;Régimen general, autónomos, agrarios;Erregimen Orokorrara, autonomoak, nekazaritzakoak;Personas ocupadas;Landunak;45 a 54;3;Hombre;Gizona;No Extranjero;Ez atzerritarra;01049;01;Araba;1;Hasta obligatorios;Derrigorrezko ikasketak arte;0;Sin contributiva;Prestazio Kontribuziorik gabe;1;Con RGI;DBErekin;0;Sin subisidio;Subsidiorik gabe;0;O - Administración Pública y defensa, Seguridad Social obligatoria;O - Herri administrazioa eta defentsa: derrigorrezko gizarte segurantza;84 - Administración Pública y defensa: Seguridad Social obligatoria;84 - Herri Administrazioa eta defentsa: Derrigorrezko Gizarte Segurantza;AÑANA;VALLES ALAVESES;1
2022-01;Régimen general, autónomos, agrarios;Erregimen Orokorrara, autonomoak, nekazaritzakoak;Personas ocupadas;Landunak;<30;1;Hombre;Gizona;No Extranjero;Ez atzerritarra;01049;01;Araba;5;Universitarios;Unibertsitarioak;0;Sin contributiva;Prestazio Kontribuziorik gabe;0;Sin RGI;DBErik gabe;0;Sin subisidio;Subsidiorik gabe;0;O - Administración Pública y defensa, Seguridad Social obligatoria;O - Herri administrazioa eta defentsa: derrigorrezko gizarte segurantza;84 - Administración Pública y defensa: Seguridad Social obligatoria;84 - Herri Administrazioa eta defentsa: Derrigorrezko Gizarte Segurantza;AÑANA;VALLES ALAVESES;1
2022-01;Régimen general, autónomos, agrarios;Erregimen Orokorrara, autonomoak, nekazaritzakoak;Personas ocupadas;Landunak;>=55;4;Hombre;Gizona;No Extranjero;Ez atzerritarra;01049;01;Araba;1;Hasta obligatorios;Derrigorrezko ikasketak arte;0;Sin contributiva;Prestazio Kontribuziorik gabe;0;Sin RGI;DBErik gabe;0;Sin subisidio;Subsidiorik gabe;0;O - Administración Pública y defensa, Seguridad Social obligatoria;O - Herri administrazioa eta defentsa: derrigorrezko gizarte segurantza;84 - Administración Pública y defensa: Seguridad Social obligatoria;84 - Herri Administrazioa eta defentsa: Derrigorrezko Gizarte Segurantza;AÑANA;VALLES ALAVESES;1
2022-01;Régimen general, autónomos, agrarios;Erregimen Orokorrara, autonomoak, nekazaritzakoak;Personas ocupadas;Landunak;>=55;4;Hombre;Gizona;No Extranjero;Ez atzerritarra;01049;01;Araba;3;FP Medio;Erdi-mailako LH;0;Sin contributiva;Prestazio Kontribuziorik gabe;0;Sin RGI;DBErik gabe;0;Sin subisidio;Subsidiorik gabe;0;G - Comercio al por mayor y al por menor, reparación de vehículos de motor y motocicletas;G - Handizkako eta txikizkako merkataritza: ibilgailu motordunen eta motozikleten konponketa;46 - Comercio al por mayor e intermediarios del comercio, excepto de vehículos de motor y motocicletas;46 - Handizkako merkataritza eta merkataritzako bitartekariak, ibilgailu motordunen eta motozikletena salbu;AÑANA;VALLES ALAVESES;1
2022-02;Paro registrado;Erregistratutako langabezia;Paro registrado;Erregistratutako langabezia;30 a 44;2;Mujer;Emakumea;No Extranjero;Ez atzerritarra;01049;01;Araba;5;Universitarios;Unibertsitarioak;1;Con contributiva;Prestazio kontributiboarekin;0;Sin RGI;DBErik gabe;0;Sin subisidio;Subsidiorik gabe;0;C - Industria manufacturera;C - Manufaktura industria;28 - Fabricación de maquinaria y equipo n.c.o.p.;28 - Beste inon sailkatu gabeko makinen eta ekipoen fabrikazioa;AÑANA;VALLES ALAVESES;1
2022-02;Régimen general, autónomos, agrarios;Erregimen Orokorrara, autonomoak, nekazaritzakoak;Personas ocupadas;Landunak;45 a 54;3;Hombre;Gizona;No Extranjero;Ez atzerritarra;01049;01;Araba;1;Hasta obligatorios;Derrigorrezko ikasketak arte;0;Sin contributiva;Prestazio Kontribuziorik gabe;1;Con RGI;DBErekin;0;Sin subisidio;Subsidiorik gabe;0;O - Administración Pública y defensa, Seguridad Social obligatoria;O - Herri administrazioa eta defentsa: derrigorrezko gizarte segurantza;84 - Administración Pública y defensa: Seguridad Social obligatoria;84 - Herri Administrazioa eta defentsa: Derrigorrezko Gizarte Segurantza;AÑANA;VALLES ALAVESES;1
2022-02;Régimen general, autónomos, agrarios;Erregimen Orokorrara, autonomoak, nekazaritzakoak;Personas ocupadas;Landunak;<30;1;Hombre;Gizona;No Extranjero;Ez atzerritarra;01049;01;Araba;5;Universitarios;Unibertsitarioak;0;Sin contributiva;Prestazio Kontribuziorik gabe;0;Sin RGI;DBErik gabe;0;Sin subisidio;Subsidiorik gabe;0;O - Administración Pública y defensa, Seguridad Social obligatoria;O - Herri administrazioa eta defentsa: derrigorrezko gizarte segurantza;84 - Administración Pública y defensa: Seguridad Social obligatoria;84 - Herri Administrazioa eta defentsa: Derrigorrezko Gizarte Segurantza;AÑANA;VALLES ALAVESES;1
2022-03;Régimen general, autónomos, agrarios;Erregimen Orokorrara, autonomoak, nekazaritzakoak;Personas ocupadas;Landunak;45 a 54;3;Hombre;Gizona;No Extranjero;Ez atzerritarra;01049;01;Araba;1;Hasta obligatorios;Derrigorrezko ikasketak arte;0;Sin contributiva;Prestazio Kontribuziorik gabe;1;Con RGI;DBErekin;0;Sin subisidio;Subsidiorik gabe;0;O - Administración Pública y defensa, Seguridad Social obligatoria;O - Herri administrazioa eta defentsa: derrigorrezko gizarte segurantza;84 - Administración Pública y defensa: Seguridad Social obligatoria;84 - Herri Administrazioa eta defentsa: Derrigorrezko Gizarte Segurantza;AÑANA;VALLES ALAVESES;1
2022-04;Paro registrado;Erregistratutako langabezia;Paro registrado;Erregistratutako langabezia;>=55;4;Hombre;Gizona;No Extranjero;Ez atzerritarra;01049;01;Araba;1;Hasta obligatorios;Derrigorrezko ikasketak arte;1;Con contributiva;Prestazio kontributiboarekin;0;Sin RGI;DBErik gabe;0;Sin subisidio;Subsidiorik gabe;0;C - Industria manufacturera;C - Manufaktura industria;29 - Fabricación de vehículos de motor, remolques y semirremolques;29 - Ibilgailu motordunen, atoien eta erdiatoien fabrikazioa;AÑANA;VALLES ALAVESES;1
2022-04;Régimen general, autónomos, agrarios;Erregimen Orokorrara, autonomoak, nekazaritzakoak;Personas ocupadas;Landunak;30 a 44;2;Mujer;Emakumea;No Extranjero;Ez atzerritarra;01049;01;Araba;1;Hasta obligatorios;Derrigorrezko ikasketak arte;0;Sin contributiva;Prestazio Kontribuziorik gabe;0;Sin RGI;DBErik gabe;0;Sin subisidio;Subsidiorik gabe;0;P - Educación;P - Hezkuntza;85 - Educación;85 - Hezkuntza;AÑANA;VALLES ALAVESES;1
2022-04;Régimen general, autónomos, agrarios;Erregimen Orokorrara, autonomoak, nekazaritzakoak;Personas ocupadas;Landunak;45 a 54;3;Hombre;Gizona;No Extranjero;Ez atzerritarra;01049;01;Araba;1;Hasta obligatorios;Derrigorrezko ikasketak arte;0;Sin contributiva;Prestazio Kontribuziorik gabe;1;Con RGI;DBErekin;0;Sin subisidio;Subsidiorik gabe;0;O - Administración Pública y defensa, Seguridad Social obligatoria;O - Herri administrazioa eta defentsa: derrigorrezko gizarte segurantza;84 - Administración Pública y defensa: Seguridad Social obligatoria;84 - Herri Administrazioa eta defentsa: Derrigorrezko Gizarte Segurantza;AÑANA;VALLES ALAVESES;1
2022-04;Régimen general, autónomos, agrarios;Erregimen Orokorrara, autonomoak, nekazaritzakoak;Personas ocupadas;Landunak;>=55;4;Hombre;Gizona;No Extranjero;Ez atzerritarra;01049;01;Araba;1;Hasta obligatorios;Derrigorrezko ikasketak arte;0;Sin contributiva;Prestazio Kontribuziorik gabe;0;Sin RGI;DBErik gabe;0;Sin subisidio;Subsidiorik gabe;1;C - Industria manufacturera;C - Manufaktura industria;28 - Fabricación de maquinaria y equipo n.c.o.p.;28 - Beste inon sailkatu gabeko makinen eta ekipoen fabrikazioa;AÑANA;VALLES ALAVESES;1
2022-05;Paro registrado;Erregistratutako langabezia;Paro registrado;Erregistratutako langabezia;>=55;4;Hombre;Gizona;No Extranjero;Ez atzerritarra;01049;01;Araba;1;Hasta obligatorios;Derrigorrezko ikasketak arte;0;Sin contributiva;Prestazio Kontribuziorik gabe;0;Sin RGI;DBErik gabe;0;Sin subisidio;Subsidiorik gabe;0;O - Administración Pública y defensa, Seguridad Social obligatoria;O - Herri administrazioa eta defentsa: derrigorrezko gizarte segurantza;84 - Administración Pública y defensa: Seguridad Social obligatoria;84 - Herri Administrazioa eta defentsa: Derrigorrezko Gizarte Segurantza;AÑANA;VALLES ALAVESES;1
2022-05;Régimen general, autónomos, agrarios;Erregimen Orokorrara, autonomoak, nekazaritzakoak;Personas ocupadas;Landunak;30 a 44;2;Mujer;Emakumea;No Extranjero;Ez atzerritarra;01049;01;Araba;5;Universitarios;Unibertsitarioak;0;Sin contributiva;Prestazio Kontribuziorik gabe;0;Sin RGI;DBErik gabe;0;Sin subisidio;Subsidiorik gabe;0;Q - Actividades sanitarias y de servicios sociales;Q - Osasun eta gizarte zerbitzuetako jarduerak;88 - Actividades de servicios sociales sin alojamiento;88 - Ostaturik gabeko gizarte zerbitzuen jarduerak;AÑANA;VALLES ALAVESES;1
2022-05;Régimen general, autónomos, agrarios;Erregimen Orokorrara, autonomoak, nekazaritzakoak;Personas ocupadas;Landunak;45 a 54;3;Hombre;Gizona;No Extranjero;Ez atzerritarra;01049;01;Araba;1;Hasta obligatorios;Derrigorrezko ikasketak arte;0;Sin contributiva;Prestazio Kontribuziorik gabe;1;Con RGI;DBErekin;0;Sin subisidio;Subsidiorik gabe;0;O - Administración Pública y defensa, Seguridad Social obligatoria;O - Herri administrazioa eta defentsa: derrigorrezko gizarte segurantza;84 - Administración Pública y defensa: Seguridad Social obligatoria;84 - Herri Administrazioa eta defentsa: Derrigorrezko Gizarte Segurantza;AÑANA;VALLES ALAVESES;1
2022-06;Paro registrado;Erregistratutako langabezia;Paro registrado;Erregistratutako langabezia;45 a 54;3;Hombre;Gizona;No Extranjero;Ez atzerritarra;01049;01;Araba;1;Hasta obligatorios;Derrigorrezko ikasketak arte;0;Sin contributiva;Prestazio Kontribuziorik gabe;0;Sin RGI;DBErik gabe;0;Sin subisidio;Subsidiorik gabe;0;R - Actividades artísticas, recreativas y de entrenimiento;R - Arte, aisialdi eta entretenitzeko jarduerak;91 - Actividades de bibliotecas, archivos, museos y otras actividades culturales;91 - Liburutegi, agiritegi eta museoko jarduerak eta beste kultur jarduera batzuk;AÑANA;VALLES ALAVESES;1
2022-06;Régimen general, autónomos, agrarios;Erregimen Orokorrara, autonomoak, nekazaritzakoak;Personas ocupadas;Landunak;30 a 44;2;Mujer;Emakumea;No Extranjero;Ez atzerritarra;01049;01;Araba;1;Hasta obligatorios;Derrigorrezko ikasketak arte;0;Sin contributiva;Prestazio Kontribuziorik gabe;0;Sin RGI;DBErik gabe;0;Sin subisidio;Subsidiorik gabe;0;I - Hostelería;I - Ostalaritza;56 - Servicios de comidas y bebidas;56 - Jaki eta edari zerbitzuak;AÑANA;VALLES ALAVESES;1
2022-06;Régimen general, autónomos, agrarios;Erregimen Orokorrara, autonomoak, nekazaritzakoak;Personas ocupadas;Landunak;30 a 44;2;Mujer;Emakumea;No Extranjero;Ez atzerritarra;01049;01;Araba;5;Universitarios;Unibertsitarioak;0;Sin contributiva;Prestazio Kontribuziorik gabe;0;Sin RGI;DBErik gabe;0;Sin subisidio;Subsidiorik gabe;0;Q - Actividades sanitarias y de servicios sociales;Q - Osasun eta gizarte zerbitzuetako jarduerak;88 - Actividades de servicios sociales sin alojamiento;88 - Ostaturik gabeko gizarte zerbitzuen jarduerak;AÑANA;VALLES ALAVESES;1
2022-06;Régimen general, autónomos, agrarios;Erregimen Orokorrara, autonomoak, nekazaritzakoak;Personas ocupadas;Landunak;45 a 54;3;Hombre;Gizona;No Extranjero;Ez atzerritarra;01049;01;Araba;1;Hasta obligatorios;Derrigorrezko ikasketak arte;0;Sin contributiva;Prestazio Kontribuziorik gabe;0;Sin RGI;DBErik gabe;0;Sin subisidio;Subsidiorik gabe;0;N - Actividades administrativas y servicios auxliares;N - Administrazio jarduerak eta zerbitzu lagungarriak;78 - Actividades relacionadas con el empleo;78 - Enpleguarekin uztartutako jarduerak;AÑANA;VALLES ALAVESES;1
2022-07;Paro registrado;Erregistratutako langabezia;Paro registrado;Erregistratutako langabezia;>=55;4;Hombre;Gizona;No Extranjero;Ez atzerritarra;01049;01;Araba;1;Hasta obligatorios;Derrigorrezko ikasketak arte;0;Sin contributiva;Prestazio Kontribuziorik gabe;0;Sin RGI;DBErik gabe;0;Sin subisidio;Subsidiorik gabe;0;O - Administración Pública y defensa, Seguridad Social obligatoria;O - Herri administrazioa eta defentsa: derrigorrezko gizarte segurantza;84 - Administración Pública y defensa: Seguridad Social obligatoria;84 - Herri Administrazioa eta defentsa: Derrigorrezko Gizarte Segurantza;AÑANA;VALLES ALAVESES;1
2022-07;Régimen general, autónomos, agrarios;Erregimen Orokorrara, autonomoak, nekazaritzakoak;Personas ocupadas;Landunak;45 a 54;3;Hombre;Gizona;No Extranjero;Ez atzerritarra;01049;01;Araba;1;Hasta obligatorios;Derrigorrezko ikasketak arte;0;Sin contributiva;Prestazio Kontribuziorik gabe;1;Con RGI;DBErekin;0;Sin subisidio;Subsidiorik gabe;0;O - Administración Pública y defensa, Seguridad Social obligatoria;O - Herri administrazioa eta defentsa: derrigorrezko gizarte segurantza;84 - Administración Pública y defensa: Seguridad Social obligatoria;84 - Herri Administrazioa eta defentsa: Derrigorrezko Gizarte Segurantza;AÑANA;VALLES ALAVESES;1
2022-08;Fijos discontinuos;Aldizkako langile finkoak;Demandantes no parados;Langabezian ez dauden eskatzaileak;45 a 54;3;Hombre;Gizona;No Extranjero;Ez atzerritarra;01049;01;Araba;2;Bachiller;Batxilergoa;0;Sin contributiva;Prestazio Kontribuziorik gabe;0;Sin RGI;DBErik gabe;0;Sin subisidio;Subsidiorik gabe;0;I - Hostelería;I - Ostalaritza;56 - Servicios de comidas y bebidas;56 - Jaki eta edari zerbitzuak;AÑANA;VALLES ALAVESES;1
2022-08;Paro registrado;Erregistratutako langabezia;Paro registrado;Erregistratutako langabezia;<30;1;Hombre;Gizona;Extracomunitario;Europar Batasunetik kanpoko atzerritarra;01049;01;Araba;1;Hasta obligatorios;Derrigorrezko ikasketak arte;0;Sin contributiva;Prestazio Kontribuziorik gabe;0;Sin RGI;DBErik gabe;1;Con subisidio;Subsidioarekin;0;N - Actividades administrativas y servicios auxliares;N - Administrazio jarduerak eta zerbitzu lagungarriak;78 - Actividades relacionadas con el empleo;78 - Enpleguarekin uztartutako jarduerak;AÑANA;VALLES ALAVESES;1
2022-08;Paro registrado;Erregistratutako langabezia;Paro registrado;Erregistratutako langabezia;<30;1;Hombre;Gizona;No Extranjero;Ez atzerritarra;01049;01;Araba;1;Hasta obligatorios;Derrigorrezko ikasketak arte;1;Con contributiva;Prestazio kontributiboarekin;0;Sin RGI;DBErik gabe;0;Sin subisidio;Subsidiorik gabe;0;C - Industria manufacturera;C - Manufaktura industria;29 - Fabricación de vehículos de motor, remolques y semirremolques;29 - Ibilgailu motordunen, atoien eta erdiatoien fabrikazioa;AÑANA;VALLES ALAVESES;1
2022-08;Régimen general, autónomos, agrarios;Erregimen Orokorrara, autonomoak, nekazaritzakoak;Personas ocupadas;Landunak;30 a 44;2;Mujer;Emakumea;No Extranjero;Ez atzerritarra;01049;01;Araba;5;Universitarios;Unibertsitarioak;0;Sin contributiva;Prestazio Kontribuziorik gabe;0;Sin RGI;DBErik gabe;0;Sin subisidio;Subsidiorik gabe;0;C - Industria manufacturera;C - Manufaktura industria;28 - Fabricación de maquinaria y equipo n.c.o.p.;28 - Beste inon sailkatu gabeko makinen eta ekipoen fabrikazioa;AÑANA;VALLES ALAVESES;1
2022-08;Régimen general, autónomos, agrarios;Erregimen Orokorrara, autonomoak, nekazaritzakoak;Personas ocupadas;Landunak;45 a 54;3;Hombre;Gizona;No Extranjero;Ez atzerritarra;01049;01;Araba;1;Hasta obligatorios;Derrigorrezko ikasketak arte;0;Sin contributiva;Prestazio Kontribuziorik gabe;1;Con RGI;DBErekin;0;Sin subisidio;Subsidiorik gabe;0;O - Administración Pública y defensa, Seguridad Social obligatoria;O - Herri administrazioa eta defentsa: derrigorrezko gizarte segurantza;84 - Administración Pública y defensa: Seguridad Social obligatoria;84 - Herri Administrazioa eta defentsa: Derrigorrezko Gizarte Segurantza;AÑANA;VALLES ALAVESES;1
2022-09;Jubilados;Erretiratuak;Demandantes no parados;Langabezian ez dauden eskatzaileak;>=55;4;Hombre;Gizona;No Extranjero;Ez atzerritarra;01049;01;Araba;1;Hasta obligatorios;Derrigorrezko ikasketak arte;0;Sin contributiva;Prestazio Kontribuziorik gabe;0;Sin RGI;DBErik gabe;0;Sin subisidio;Subsidiorik gabe;0;C - Industria manufacturera;C - Manufaktura industria;29 - Fabricación de vehículos de motor, remolques y semirremolques;29 - Ibilgailu motordunen, atoien eta erdiatoien fabrikazioa;AÑANA;VALLES ALAVESES;1
2022-09;Paro registrado;Erregistratutako langabezia;Paro registrado;Erregistratutako langabezia;45 a 54;3;Hombre;Gizona;No Extranjero;Ez atzerritarra;01049;01;Araba;1;Hasta obligatorios;Derrigorrezko ikasketak arte;0;Sin contributiva;Prestazio Kontribuziorik gabe;1;Con RGI;DBErekin;0;Sin subisidio;Subsidiorik gabe;0;N - Actividades administrativas y servicios auxliares;N - Administrazio jarduerak eta zerbitzu lagungarriak;78 - Actividades relacionadas con el empleo;78 - Enpleguarekin uztartutako jarduerak;AÑANA;VALLES ALAVESES;1
2022-09;Régimen general, autónomos, agrarios;Erregimen Orokorrara, autonomoak, nekazaritzakoak;Personas ocupadas;Landunak;45 a 54;3;Hombre;Gizona;No Extranjero;Ez atzerritarra;01049;01;Araba;1;Hasta obligatorios;Derrigorrezko ikasketak arte;0;Sin contributiva;Prestazio Kontribuziorik gabe;0;Sin RGI;DBErik gabe;0;Sin subisidio;Subsidiorik gabe;1;F - Construcción;F - Eraikuntza;43 - Actividades de construcción especializada;43 - Eraikuntza espezializatuko jarduerak;AÑANA;VALLES ALAVESES;1
2022-09;Régimen general, autónomos, agrarios;Erregimen Orokorrara, autonomoak, nekazaritzakoak;Personas ocupadas;Landunak;<30;1;Hombre;Gizona;No Extranjero;Ez atzerritarra;01049;01;Araba;5;Universitarios;Unibertsitarioak;0;Sin contributiva;Prestazio Kontribuziorik gabe;0;Sin RGI;DBErik gabe;0;Sin subisidio;Subsidiorik gabe;0;Q - Actividades sanitarias y de servicios sociales;Q - Osasun eta gizarte zerbitzuetako jarduerak;88 - Actividades de servicios sociales sin alojamiento;88 - Ostaturik gabeko gizarte zerbitzuen jarduerak;AÑANA;VALLES ALAVESES;1
2022-10;Estudiantes;Ikasleak;Demandantes no parados;Langabezian ez dauden eskatzaileak;<30;1;Hombre;Gizona;No Extranjero;Ez atzerritarra;01049;01;Araba;5;Universitarios;Unibertsitarioak;0;Sin contributiva;Prestazio Kontribuziorik gabe;0;Sin RGI;DBErik gabe;0;Sin subisidio;Subsidiorik gabe;0;Z - Sin actividad previa;Z - Aurretiko jarduerarik gabe;Z - Sin actividad previa;Z - Aurretiko jarduerarik gabe;AÑANA;VALLES ALAVESES;1
2022-10;Paro registrado;Erregistratutako langabezia;Paro registrado;Erregistratutako langabezia;30 a 44;2;Mujer;Emakumea;No Extranjero;Ez atzerritarra;01049;01;Araba;1;Hasta obligatorios;Derrigorrezko ikasketak arte;0;Sin contributiva;Prestazio Kontribuziorik gabe;0;Sin RGI;DBErik gabe;0;Sin subisidio;Subsidiorik gabe;0;T - Actividades de los hogares como empleadores de personal doméstico, actividades de los hogares como productores de bienes y servicios para uso propio;T - Etxeetako jarduerak etxeko lanak egiteko langileei lana emateko moduan: etxeetako jarduerak ondasunen ekoizle moduan eta erabilera propiorako zerbitzuak;97 - Actividades de los hogares como empleadores de personal doméstico;97 - Etxeetako jarduerak etxeko lanak egiteko langileei lana emateko moduan;AÑANA;VALLES ALAVESES;1
2022-10;Régimen general, autónomos, agrarios;Erregimen Orokorrara, autonomoak, nekazaritzakoak;Personas ocupadas;Landunak;30 a 44;2;Mujer;Emakumea;No Extranjero;Ez atzerritarra;01049;01;Araba;5;Universitarios;Unibertsitarioak;0;Sin contributiva;Prestazio Kontribuziorik gabe;0;Sin RGI;DBErik gabe;0;Sin subisidio;Subsidiorik gabe;0;C - Industria manufacturera;C - Manufaktura industria;28 - Fabricación de maquinaria y equipo n.c.o.p.;28 - Beste inon sailkatu gabeko makinen eta ekipoen fabrikazioa;AÑANA;VALLES ALAVESES;1
2022-10;Régimen general, autónomos, agrarios;Erregimen Orokorrara, autonomoak, nekazaritzakoak;Personas ocupadas;Landunak;45 a 54;3;Hombre;Gizona;No Extranjero;Ez atzerritarra;01049;01;Araba;1;Hasta obligatorios;Derrigorrezko ikasketak arte;0;Sin contributiva;Prestazio Kontribuziorik gabe;0;Sin RGI;DBErik gabe;0;Sin subisidio;Subsidiorik gabe;0;Q - Actividades sanitarias y de servicios sociales;Q - Osasun eta gizarte zerbitzuetako jarduerak;88 - Actividades de servicios sociales sin alojamiento;88 - Ostaturik gabeko gizarte zerbitzuen jarduerak;AÑANA;VALLES ALAVESES;1
2022-11;Régimen general, autónomos, agrarios;Erregimen Orokorrara, autonomoak, nekazaritzakoak;Personas ocupadas;Landunak;45 a 54;3;Hombre;Gizona;No Extranjero;Ez atzerritarra;01049;01;Araba;1;Hasta obligatorios;Derrigorrezko ikasketak arte;0;Sin contributiva;Prestazio Kontribuziorik gabe;0;Sin RGI;DBErik gabe;0;Sin subisidio;Subsidiorik gabe;0;Q - Actividades sanitarias y de servicios sociales;Q - Osasun eta gizarte zerbitzuetako jarduerak;88 - Actividades de servicios sociales sin alojamiento;88 - Ostaturik gabeko gizarte zerbitzuen jarduerak;AÑANA;VALLES ALAVESES;1
2022-11;Régimen general, autónomos, agrarios;Erregimen Orokorrara, autonomoak, nekazaritzakoak;Personas ocupadas;Landunak;<30;1;Hombre;Gizona;No Extranjero;Ez atzerritarra;01049;01;Araba;5;Universitarios;Unibertsitarioak;0;Sin contributiva;Prestazio Kontribuziorik gabe;0;Sin RGI;DBErik gabe;0;Sin subisidio;Subsidiorik gabe;0;N - Actividades administrativas y servicios auxliares;N - Administrazio jarduerak eta zerbitzu lagungarriak;78 - Actividades relacionadas con el empleo;78 - Enpleguarekin uztartutako jarduerak;AÑANA;VALLES ALAVESES;1
2022-01;Régimen general, autónomos, agrarios;Erregimen Orokorrara, autonomoak, nekazaritzakoak;Personas ocupadas;Landunak;30 a 44;2;Mujer;Emakumea;No Extranjero;Ez atzerritarra;01049;01;Araba;1;Hasta obligatorios;Derrigorrezko ikasketak arte;0;Sin contributiva;Prestazio Kontribuziorik gabe;0;Sin RGI;DBErik gabe;0;Sin subisidio;Subsidiorik gabe;0;P - Educación;P - Hezkuntza;85 - Educación;85 - Hezkuntza;AÑANA;VALLES ALAVESES;1
2022-02;Régimen general, autónomos, agrarios;Erregimen Orokorrara, autonomoak, nekazaritzakoak;Personas ocupadas;Landunak;30 a 44;2;Mujer;Emakumea;No Extranjero;Ez atzerritarra;01049;01;Araba;1;Hasta obligatorios;Derrigorrezko ikasketak arte;0;Sin contributiva;Prestazio Kontribuziorik gabe;0;Sin RGI;DBErik gabe;0;Sin subisidio;Subsidiorik gabe;0;P - Educación;P - Hezkuntza;85 - Educación;85 - Hezkuntza;AÑANA;VALLES ALAVESES;1
2022-02;Régimen general, autónomos, agrarios;Erregimen Orokorrara, autonomoak, nekazaritzakoak;Personas ocupadas;Landunak;45 a 54;3;Hombre;Gizona;No Extranjero;Ez atzerritarra;01049;01;Araba;1;Hasta obligatorios;Derrigorrezko ikasketak arte;0;Sin contributiva;Prestazio Kontribuziorik gabe;0;Sin RGI;DBErik gabe;0;Sin subisidio;Subsidiorik gabe;0;N - Actividades administrativas y servicios auxliares;N - Administrazio jarduerak eta zerbitzu lagungarriak;78 - Actividades relacionadas con el empleo;78 - Enpleguarekin uztartutako jarduerak;AÑANA;VALLES ALAVESES;1
2022-02;Régimen general, autónomos, agrarios;Erregimen Orokorrara, autonomoak, nekazaritzakoak;Personas ocupadas;Landunak;>=55;4;Hombre;Gizona;No Extranjero;Ez atzerritarra;01049;01;Araba;1;Hasta obligatorios;Derrigorrezko ikasketak arte;0;Sin contributiva;Prestazio Kontribuziorik gabe;0;Sin RGI;DBErik gabe;0;Sin subisidio;Subsidiorik gabe;0;O - Administración Pública y defensa, Seguridad Social obligatoria;O - Herri administrazioa eta defentsa: derrigorrezko gizarte segurantza;84 - Administración Pública y defensa: Seguridad Social obligatoria;84 - Herri Administrazioa eta defentsa: Derrigorrezko Gizarte Segurantza;AÑANA;VALLES ALAVESES;1
2022-02;Régimen general, autónomos, agrarios;Erregimen Orokorrara, autonomoak, nekazaritzakoak;Personas ocupadas;Landunak;>=55;4;Hombre;Gizona;No Extranjero;Ez atzerritarra;01049;01;Araba;3;FP Medio;Erdi-mailako LH;0;Sin contributiva;Prestazio Kontribuziorik gabe;0;Sin RGI;DBErik gabe;0;Sin subisidio;Subsidiorik gabe;0;G - Comercio al por mayor y al por menor, reparación de vehículos de motor y motocicletas;G - Handizkako eta txikizkako merkataritza: ibilgailu motordunen eta motozikleten konponketa;46 - Comercio al por mayor e intermediarios del comercio, excepto de vehículos de motor y motocicletas;46 - Handizkako merkataritza eta merkataritzako bitartekariak, ibilgailu motordunen eta motozikletena salbu;AÑANA;VALLES ALAVESES;1
2022-03;Paro registrado;Erregistratutako langabezia;Paro registrado;Erregistratutako langabezia;45 a 54;3;Hombre;Gizona;No Extranjero;Ez atzerritarra;01049;01;Araba;1;Hasta obligatorios;Derrigorrezko ikasketak arte;0;Sin contributiva;Prestazio Kontribuziorik gabe;0;Sin RGI;DBErik gabe;0;Sin subisidio;Subsidiorik gabe;0;R - Actividades artísticas, recreativas y de entrenimiento;R - Arte, aisialdi eta entretenitzeko jarduerak;91 - Actividades de bibliotecas, archivos, museos y otras actividades culturales;91 - Liburutegi, agiritegi eta museoko jarduerak eta beste kultur jarduera batzuk;AÑANA;VALLES ALAVESES;1
2022-03;Régimen general, autónomos, agrarios;Erregimen Orokorrara, autonomoak, nekazaritzakoak;Personas ocupadas;Landunak;30 a 44;2;Mujer;Emakumea;No Extranjero;Ez atzerritarra;01049;01;Araba;1;Hasta obligatorios;Derrigorrezko ikasketak arte;0;Sin contributiva;Prestazio Kontribuziorik gabe;0;Sin RGI;DBErik gabe;0;Sin subisidio;Subsidiorik gabe;0;I - Hostelería;I - Ostalaritza;56 - Servicios de comidas y bebidas;56 - Jaki eta edari zerbitzuak;AÑANA;VALLES ALAVESES;1
2022-03;Régimen general, autónomos, agrarios;Erregimen Orokorrara, autonomoak, nekazaritzakoak;Personas ocupadas;Landunak;30 a 44;2;Mujer;Emakumea;No Extranjero;Ez atzerritarra;01049;01;Araba;1;Hasta obligatorios;Derrigorrezko ikasketak arte;0;Sin contributiva;Prestazio Kontribuziorik gabe;0;Sin RGI;DBErik gabe;0;Sin subisidio;Subsidiorik gabe;0;P - Educación;P - Hezkuntza;85 - Educación;85 - Hezkuntza;AÑANA;VALLES ALAVESES;1
2022-03;Régimen general, autónomos, agrarios;Erregimen Orokorrara, autonomoak, nekazaritzakoak;Personas ocupadas;Landunak;<30;1;Hombre;Gizona;No Extranjero;Ez atzerritarra;01049;01;Araba;5;Universitarios;Unibertsitarioak;0;Sin contributiva;Prestazio Kontribuziorik gabe;0;Sin RGI;DBErik gabe;0;Sin subisidio;Subsidiorik gabe;0;O - Administración Pública y defensa, Seguridad Social obligatoria;O - Herri administrazioa eta defentsa: derrigorrezko gizarte segurantza;84 - Administración Pública y defensa: Seguridad Social obligatoria;84 - Herri Administrazioa eta defentsa: Derrigorrezko Gizarte Segurantza;AÑANA;VALLES ALAVESES;1
2022-03;Régimen general, autónomos, agrarios;Erregimen Orokorrara, autonomoak, nekazaritzakoak;Personas ocupadas;Landunak;>=55;4;Hombre;Gizona;No Extranjero;Ez atzerritarra;01049;01;Araba;1;Hasta obligatorios;Derrigorrezko ikasketak arte;0;Sin contributiva;Prestazio Kontribuziorik gabe;0;Sin RGI;DBErik gabe;0;Sin subisidio;Subsidiorik gabe;1;C - Industria manufacturera;C - Manufaktura industria;28 - Fabricación de maquinaria y equipo n.c.o.p.;28 - Beste inon sailkatu gabeko makinen eta ekipoen fabrikazioa;AÑANA;VALLES ALAVESES;1
2022-04;Régimen general, autónomos, agrarios;Erregimen Orokorrara, autonomoak, nekazaritzakoak;Personas ocupadas;Landunak;45 a 54;3;Hombre;Gizona;No Extranjero;Ez atzerritarra;01049;01;Araba;1;Hasta obligatorios;Derrigorrezko ikasketak arte;0;Sin contributiva;Prestazio Kontribuziorik gabe;0;Sin RGI;DBErik gabe;0;Sin subisidio;Subsidiorik gabe;1;F - Construcción;F - Eraikuntza;43 - Actividades de construcción especializada;43 - Eraikuntza espezializatuko jarduerak;AÑANA;VALLES ALAVESES;1
2022-05;Paro registrado;Erregistratutako langabezia;Paro registrado;Erregistratutako langabezia;<30;1;Hombre;Gizona;No Extranjero;Ez atzerritarra;01049;01;Araba;1;Hasta obligatorios;Derrigorrezko ikasketak arte;0;Sin contributiva;Prestazio Kontribuziorik gabe;0;Sin RGI;DBErik gabe;0;Sin subisidio;Subsidiorik gabe;0;C - Industria manufacturera;C - Manufaktura industria;29 - Fabricación de vehículos de motor, remolques y semirremolques;29 - Ibilgailu motordunen, atoien eta erdiatoien fabrikazioa;AÑANA;VALLES ALAVESES;1
2022-05;Régimen general, autónomos, agrarios;Erregimen Orokorrara, autonomoak, nekazaritzakoak;Personas ocupadas;Landunak;30 a 44;2;Mujer;Emakumea;No Extranjero;Ez atzerritarra;01049;01;Araba;5;Universitarios;Unibertsitarioak;0;Sin contributiva;Prestazio Kontribuziorik gabe;0;Sin RGI;DBErik gabe;0;Sin subisidio;Subsidiorik gabe;0;C - Industria manufacturera;C - Manufaktura industria;28 - Fabricación de maquinaria y equipo n.c.o.p.;28 - Beste inon sailkatu gabeko makinen eta ekipoen fabrikazioa;AÑANA;VALLES ALAVESES;1
2022-05;Régimen general, autónomos, agrarios;Erregimen Orokorrara, autonomoak, nekazaritzakoak;Personas ocupadas;Landunak;45 a 54;3;Hombre;Gizona;No Extranjero;Ez atzerritarra;01049;01;Araba;1;Hasta obligatorios;Derrigorrezko ikasketak arte;0;Sin contributiva;Prestazio Kontribuziorik gabe;0;Sin RGI;DBErik gabe;0;Sin subisidio;Subsidiorik gabe;1;F - Construcción;F - Eraikuntza;43 - Actividades de construcción especializada;43 - Eraikuntza espezializatuko jarduerak;AÑANA;VALLES ALAVESES;1
2022-06;Jubilados;Erretiratuak;Demandantes no parados;Langabezian ez dauden eskatzaileak;>=55;4;Hombre;Gizona;No Extranjero;Ez atzerritarra;01049;01;Araba;1;Hasta obligatorios;Derrigorrezko ikasketak arte;0;Sin contributiva;Prestazio Kontribuziorik gabe;0;Sin RGI;DBErik gabe;0;Sin subisidio;Subsidiorik gabe;0;C - Industria manufacturera;C - Manufaktura industria;29 - Fabricación de vehículos de motor, remolques y semirremolques;29 - Ibilgailu motordunen, atoien eta erdiatoien fabrikazioa;AÑANA;VALLES ALAVESES;1
2022-06;Paro registrado;Erregistratutako langabezia;Paro registrado;Erregistratutako langabezia;>=55;4;Hombre;Gizona;No Extranjero;Ez atzerritarra;01049;01;Araba;1;Hasta obligatorios;Derrigorrezko ikasketak arte;0;Sin contributiva;Prestazio Kontribuziorik gabe;0;Sin RGI;DBErik gabe;0;Sin subisidio;Subsidiorik gabe;0;O - Administración Pública y defensa, Seguridad Social obligatoria;O - Herri administrazioa eta defentsa: derrigorrezko gizarte segurantza;84 - Administración Pública y defensa: Seguridad Social obligatoria;84 - Herri Administrazioa eta defentsa: Derrigorrezko Gizarte Segurantza;AÑANA;VALLES ALAVESES;1
2022-06;Régimen general, autónomos, agrarios;Erregimen Orokorrara, autonomoak, nekazaritzakoak;Personas ocupadas;Landunak;45 a 54;3;Hombre;Gizona;No Extranjero;Ez atzerritarra;01049;01;Araba;1;Hasta obligatorios;Derrigorrezko ikasketak arte;0;Sin contributiva;Prestazio Kontribuziorik gabe;0;Sin RGI;DBErik gabe;0;Sin subisidio;Subsidiorik gabe;1;F - Construcción;F - Eraikuntza;43 - Actividades de construcción especializada;43 - Eraikuntza espezializatuko jarduerak;AÑANA;VALLES ALAVESES;1
2022-06;Régimen general, autónomos, agrarios;Erregimen Orokorrara, autonomoak, nekazaritzakoak;Personas ocupadas;Landunak;45 a 54;3;Hombre;Gizona;No Extranjero;Ez atzerritarra;01049;01;Araba;1;Hasta obligatorios;Derrigorrezko ikasketak arte;0;Sin contributiva;Prestazio Kontribuziorik gabe;1;Con RGI;DBErekin;0;Sin subisidio;Subsidiorik gabe;0;O - Administración Pública y defensa, Seguridad Social obligatoria;O - Herri administrazioa eta defentsa: derrigorrezko gizarte segurantza;84 - Administración Pública y defensa: Seguridad Social obligatoria;84 - Herri Administrazioa eta defentsa: Derrigorrezko Gizarte Segurantza;AÑANA;VALLES ALAVESES;1
2022-06;Régimen general, autónomos, agrarios;Erregimen Orokorrara, autonomoak, nekazaritzakoak;Personas ocupadas;Landunak;<30;1;Hombre;Gizona;No Extranjero;Ez atzerritarra;01049;01;Araba;5;Universitarios;Unibertsitarioak;0;Sin contributiva;Prestazio Kontribuziorik gabe;0;Sin RGI;DBErik gabe;0;Sin subisidio;Subsidiorik gabe;0;O - Administración Pública y defensa, Seguridad Social obligatoria;O - Herri administrazioa eta defentsa: derrigorrezko gizarte segurantza;84 - Administración Pública y defensa: Seguridad Social obligatoria;84 - Herri Administrazioa eta defentsa: Derrigorrezko Gizarte Segurantza;AÑANA;VALLES ALAVESES;1
2022-06;Régimen general, autónomos, agrarios;Erregimen Orokorrara, autonomoak, nekazaritzakoak;Personas ocupadas;Landunak;>=55;4;Hombre;Gizona;No Extranjero;Ez atzerritarra;01049;01;Araba;1;Hasta obligatorios;Derrigorrezko ikasketak arte;0;Sin contributiva;Prestazio Kontribuziorik gabe;0;Sin RGI;DBErik gabe;0;Sin subisidio;Subsidiorik gabe;1;C - Industria manufacturera;C - Manufaktura industria;28 - Fabricación de maquinaria y equipo n.c.o.p.;28 - Beste inon sailkatu gabeko makinen eta ekipoen fabrikazioa;AÑANA;VALLES ALAVESES;1
2022-07;Jubilados;Erretiratuak;Demandantes no parados;Langabezian ez dauden eskatzaileak;>=55;4;Hombre;Gizona;No Extranjero;Ez atzerritarra;01049;01;Araba;1;Hasta obligatorios;Derrigorrezko ikasketak arte;0;Sin contributiva;Prestazio Kontribuziorik gabe;0;Sin RGI;DBErik gabe;0;Sin subisidio;Subsidiorik gabe;0;C - Industria manufacturera;C - Manufaktura industria;29 - Fabricación de vehículos de motor, remolques y semirremolques;29 - Ibilgailu motordunen, atoien eta erdiatoien fabrikazioa;AÑANA;VALLES ALAVESES;1
2022-07;Suspendidos con intermediación;Lan-bitartekaritzarekin etenda daudenak;Demandantes no parados;Langabezian ez dauden eskatzaileak;30 a 44;2;Mujer;Emakumea;No Extranjero;Ez atzerritarra;01049;01;Araba;1;Hasta obligatorios;Derrigorrezko ikasketak arte;0;Sin contributiva;Prestazio Kontribuziorik gabe;0;Sin RGI;DBErik gabe;0;Sin subisidio;Subsidiorik gabe;0;P - Educación;P - Hezkuntza;85 - Educación;85 - Hezkuntza;AÑANA;VALLES ALAVESES;1
2022-08;Régimen general, autónomos, agrarios;Erregimen Orokorrara, autonomoak, nekazaritzakoak;Personas ocupadas;Landunak;<30;1;Hombre;Gizona;No Extranjero;Ez atzerritarra;01049;01;Araba;5;Universitarios;Unibertsitarioak;0;Sin contributiva;Prestazio Kontribuziorik gabe;0;Sin RGI;DBErik gabe;0;Sin subisidio;Subsidiorik gabe;0;O - Administración Pública y defensa, Seguridad Social obligatoria;O - Herri administrazioa eta defentsa: derrigorrezko gizarte segurantza;84 - Administración Pública y defensa: Seguridad Social obligatoria;84 - Herri Administrazioa eta defentsa: Derrigorrezko Gizarte Segurantza;AÑANA;VALLES ALAVESES;1
2022-09;Estudiantes;Ikasleak;Demandantes no parados;Langabezian ez dauden eskatzaileak;<30;1;Hombre;Gizona;No Extranjero;Ez atzerritarra;01049;01;Araba;5;Universitarios;Unibertsitarioak;0;Sin contributiva;Prestazio Kontribuziorik gabe;0;Sin RGI;DBErik gabe;0;Sin subisidio;Subsidiorik gabe;0;Z - Sin actividad previa;Z - Aurretiko jarduerarik gabe;Z - Sin actividad previa;Z - Aurretiko jarduerarik gabe;AÑANA;VALLES ALAVESES;1
2022-09;Paro registrado;Erregistratutako langabezia;Paro registrado;Erregistratutako langabezia;45 a 54;3;Hombre;Gizona;No Extranjero;Ez atzerritarra;01049;01;Araba;1;Hasta obligatorios;Derrigorrezko ikasketak arte;0;Sin contributiva;Prestazio Kontribuziorik gabe;0;Sin RGI;DBErik gabe;0;Sin subisidio;Subsidiorik gabe;0;R - Actividades artísticas, recreativas y de entrenimiento;R - Arte, aisialdi eta entretenitzeko jarduerak;91 - Actividades de bibliotecas, archivos, museos y otras actividades culturales;91 - Liburutegi, agiritegi eta museoko jarduerak eta beste kultur jarduera batzuk;AÑANA;VALLES ALAVESES;1
2022-09;Régimen general, autónomos, agrarios;Erregimen Orokorrara, autonomoak, nekazaritzakoak;Personas ocupadas;Landunak;30 a 44;2;Mujer;Emakumea;No Extranjero;Ez atzerritarra;01049;01;Araba;5;Universitarios;Unibertsitarioak;0;Sin contributiva;Prestazio Kontribuziorik gabe;0;Sin RGI;DBErik gabe;0;Sin subisidio;Subsidiorik gabe;0;C - Industria manufacturera;C - Manufaktura industria;28 - Fabricación de maquinaria y equipo n.c.o.p.;28 - Beste inon sailkatu gabeko makinen eta ekipoen fabrikazioa;AÑANA;VALLES ALAVESES;1
2022-09;Régimen general, autónomos, agrarios;Erregimen Orokorrara, autonomoak, nekazaritzakoak;Personas ocupadas;Landunak;45 a 54;3;Hombre;Gizona;No Extranjero;Ez atzerritarra;01049;01;Araba;1;Hasta obligatorios;Derrigorrezko ikasketak arte;0;Sin contributiva;Prestazio Kontribuziorik gabe;0;Sin RGI;DBErik gabe;0;Sin subisidio;Subsidiorik gabe;0;Q - Actividades sanitarias y de servicios sociales;Q - Osasun eta gizarte zerbitzuetako jarduerak;88 - Actividades de servicios sociales sin alojamiento;88 - Ostaturik gabeko gizarte zerbitzuen jarduerak;AÑANA;VALLES ALAVESES;1
2022-09;Régimen general, autónomos, agrarios;Erregimen Orokorrara, autonomoak, nekazaritzakoak;Personas ocupadas;Landunak;<30;1;Hombre;Gizona;No Extranjero;Ez atzerritarra;01049;01;Araba;5;Universitarios;Unibertsitarioak;0;Sin contributiva;Prestazio Kontribuziorik gabe;0;Sin RGI;DBErik gabe;0;Sin subisidio;Subsidiorik gabe;0;N - Actividades administrativas y servicios auxliares;N - Administrazio jarduerak eta zerbitzu lagungarriak;78 - Actividades relacionadas con el empleo;78 - Enpleguarekin uztartutako jarduerak;AÑANA;VALLES ALAVESES;1
2022-09;Suspendidos con intermediación;Lan-bitartekaritzarekin etenda daudenak;Demandantes no parados;Langabezian ez dauden eskatzaileak;30 a 44;2;Mujer;Emakumea;No Extranjero;Ez atzerritarra;01049;01;Araba;1;Hasta obligatorios;Derrigorrezko ikasketak arte;0;Sin contributiva;Prestazio Kontribuziorik gabe;0;Sin RGI;DBErik gabe;0;Sin subisidio;Subsidiorik gabe;0;P - Educación;P - Hezkuntza;85 - Educación;85 - Hezkuntza;AÑANA;VALLES ALAVESES;1
2022-10;Paro registrado;Erregistratutako langabezia;Paro registrado;Erregistratutako langabezia;>=55;4;Hombre;Gizona;No Extranjero;Ez atzerritarra;01049;01;Araba;1;Hasta obligatorios;Derrigorrezko ikasketak arte;0;Sin contributiva;Prestazio Kontribuziorik gabe;0;Sin RGI;DBErik gabe;0;Sin subisidio;Subsidiorik gabe;0;E - Suministro de agua, actividades de saneamiento, gestión de residuos y descontaminación;E - Ur hornidura, saneamendu jarduerak, hondakinen kudeaketa eta deskontaminazioa;38 - Recogida, tratamiento y eliminación de residuos: valorización;38 - Hondakinak bildu, tratatu eta deuseztatu: balorizazioa;AÑANA;VALLES ALAVESES;1
2022-10;Régimen general, autónomos, agrarios;Erregimen Orokorrara, autonomoak, nekazaritzakoak;Personas ocupadas;Landunak;30 a 44;2;Mujer;Emakumea;No Extranjero;Ez atzerritarra;01049;01;Araba;1;Hasta obligatorios;Derrigorrezko ikasketak arte;0;Sin contributiva;Prestazio Kontribuziorik gabe;0;Sin RGI;DBErik gabe;0;Sin subisidio;Subsidiorik gabe;0;P - Educación;P - Hezkuntza;85 - Educación;85 - Hezkuntza;AÑANA;VALLES ALAVESES;1
2022-10;Régimen general, autónomos, agrarios;Erregimen Orokorrara, autonomoak, nekazaritzakoak;Personas ocupadas;Landunak;<30;1;Hombre;Gizona;No Extranjero;Ez atzerritarra;01049;01;Araba;5;Universitarios;Unibertsitarioak;0;Sin contributiva;Prestazio Kontribuziorik gabe;0;Sin RGI;DBErik gabe;0;Sin subisidio;Subsidiorik gabe;0;N - Actividades administrativas y servicios auxliares;N - Administrazio jarduerak eta zerbitzu lagungarriak;78 - Actividades relacionadas con el empleo;78 - Enpleguarekin uztartutako jarduerak;AÑANA;VALLES ALAVESES;1
2022-10;Régimen general, autónomos, agrarios;Erregimen Orokorrara, autonomoak, nekazaritzakoak;Personas ocupadas;Landunak;<30;1;Hombre;Gizona;No Extranjero;Ez atzerritarra;01049;01;Araba;5;Universitarios;Unibertsitarioak;0;Sin contributiva;Prestazio Kontribuziorik gabe;0;Sin RGI;DBErik gabe;0;Sin subisidio;Subsidiorik gabe;0;Q - Actividades sanitarias y de servicios sociales;Q - Osasun eta gizarte zerbitzuetako jarduerak;88 - Actividades de servicios sociales sin alojamiento;88 - Ostaturik gabeko gizarte zerbitzuen jarduerak;AÑANA;VALLES ALAVESES;1
2022-11;Estudiantes;Ikasleak;Demandantes no parados;Langabezian ez dauden eskatzaileak;<30;1;Hombre;Gizona;No Extranjero;Ez atzerritarra;01049;01;Araba;5;Universitarios;Unibertsitarioak;0;Sin contributiva;Prestazio Kontribuziorik gabe;0;Sin RGI;DBErik gabe;0;Sin subisidio;Subsidiorik gabe;0;Z - Sin actividad previa;Z - Aurretiko jarduerarik gabe;Z - Sin actividad previa;Z - Aurretiko jarduerarik gabe;AÑANA;VALLES ALAVESES;1
2022-11;Jubilados;Erretiratuak;Demandantes no parados;Langabezian ez dauden eskatzaileak;>=55;4;Hombre;Gizona;No Extranjero;Ez atzerritarra;01049;01;Araba;1;Hasta obligatorios;Derrigorrezko ikasketak arte;0;Sin contributiva;Prestazio Kontribuziorik gabe;0;Sin RGI;DBErik gabe;0;Sin subisidio;Subsidiorik gabe;0;C - Industria manufacturera;C - Manufaktura industria;29 - Fabricación de vehículos de motor, remolques y semirremolques;29 - Ibilgailu motordunen, atoien eta erdiatoien fabrikazioa;AÑANA;VALLES ALAVESES;1
2022-11;Paro registrado;Erregistratutako langabezia;Paro registrado;Erregistratutako langabezia;<30;1;Hombre;Gizona;No Extranjero;Ez atzerritarra;01049;01;Araba;1;Hasta obligatorios;Derrigorrezko ikasketak arte;0;Sin contributiva;Prestazio Kontribuziorik gabe;1;Con RGI;DBErekin;0;Sin subisidio;Subsidiorik gabe;0;H - Transporte y almacenamiento;H - Garraioa eta biltegiratzea;49 - Transporte terrestre y por tubería;49 - Lurreko eta hodi-sare bidezko garraioa;AÑANA;VALLES ALAVESES;1
2022-11;Régimen general, autónomos, agrarios;Erregimen Orokorrara, autonomoak, nekazaritzakoak;Personas ocupadas;Landunak;30 a 44;2;Mujer;Emakumea;No Extranjero;Ez atzerritarra;01049;01;Araba;1;Hasta obligatorios;Derrigorrezko ikasketak arte;0;Sin contributiva;Prestazio Kontribuziorik gabe;0;Sin RGI;DBErik gabe;0;Sin subisidio;Subsidiorik gabe;0;P - Educación;P - Hezkuntza;85 - Educación;85 - Hezkuntza;AÑANA;VALLES ALAVESES;1
2022-01;ERTEs;ERTEak;ERTEs;ERTEak;30 a 44;2;Mujer;Emakumea;Extracomunitario;Europar Batasunetik kanpoko atzerritarra;01049;01;Araba;1;Hasta obligatorios;Derrigorrezko ikasketak arte;0;Sin contributiva;Prestazio Kontribuziorik gabe;0;Sin RGI;DBErik gabe;0;Sin subisidio;Subsidiorik gabe;0;S - Otros servicios;S - Beste zerbitzu batzuk;96 - Otros servicios personales;96 - Beste zerbitzu pertsonal batzuk;AÑANA;VALLES ALAVESES;1
2022-01;Paro registrado;Erregistratutako langabezia;Paro registrado;Erregistratutako langabezia;>=55;4;Hombre;Gizona;No Extranjero;Ez atzerritarra;01049;01;Araba;1;Hasta obligatorios;Derrigorrezko ikasketak arte;1;Con contributiva;Prestazio kontributiboarekin;0;Sin RGI;DBErik gabe;0;Sin subisidio;Subsidiorik gabe;0;C - Industria manufacturera;C - Manufaktura industria;29 - Fabricación de vehículos de motor, remolques y semirremolques;29 - Ibilgailu motordunen, atoien eta erdiatoien fabrikazioa;AÑANA;VALLES ALAVESES;1
2022-01;Régimen general, autónomos, agrarios;Erregimen Orokorrara, autonomoak, nekazaritzakoak;Personas ocupadas;Landunak;30 a 44;2;Mujer;Emakumea;No Extranjero;Ez atzerritarra;01049;01;Araba;1;Hasta obligatorios;Derrigorrezko ikasketak arte;0;Sin contributiva;Prestazio Kontribuziorik gabe;0;Sin RGI;DBErik gabe;0;Sin subisidio;Subsidiorik gabe;0;I - Hostelería;I - Ostalaritza;56 - Servicios de comidas y bebidas;56 - Jaki eta edari zerbitzuak;AÑANA;VALLES ALAVESES;1
2022-01;Régimen general, autónomos, agrarios;Erregimen Orokorrara, autonomoak, nekazaritzakoak;Personas ocupadas;Landunak;45 a 54;3;Hombre;Gizona;No Extranjero;Ez atzerritarra;01049;01;Araba;1;Hasta obligatorios;Derrigorrezko ikasketak arte;0;Sin contributiva;Prestazio Kontribuziorik gabe;0;Sin RGI;DBErik gabe;0;Sin subisidio;Subsidiorik gabe;1;F - Construcción;F - Eraikuntza;43 - Actividades de construcción especializada;43 - Eraikuntza espezializatuko jarduerak;AÑANA;VALLES ALAVESES;1
2022-02;Paro registrado;Erregistratutako langabezia;Paro registrado;Erregistratutako langabezia;45 a 54;3;Hombre;Gizona;No Extranjero;Ez atzerritarra;01049;01;Araba;1;Hasta obligatorios;Derrigorrezko ikasketak arte;0;Sin contributiva;Prestazio Kontribuziorik gabe;0;Sin RGI;DBErik gabe;0;Sin subisidio;Subsidiorik gabe;0;R - Actividades artísticas, recreativas y de entrenimiento;R - Arte, aisialdi eta entretenitzeko jarduerak;91 - Actividades de bibliotecas, archivos, museos y otras actividades culturales;91 - Liburutegi, agiritegi eta museoko jarduerak eta beste kultur jarduera batzuk;AÑANA;VALLES ALAVESES;1
2022-02;Paro registrado;Erregistratutako langabezia;Paro registrado;Erregistratutako langabezia;>=55;4;Hombre;Gizona;No Extranjero;Ez atzerritarra;01049;01;Araba;1;Hasta obligatorios;Derrigorrezko ikasketak arte;1;Con contributiva;Prestazio kontributiboarekin;0;Sin RGI;DBErik gabe;0;Sin subisidio;Subsidiorik gabe;0;C - Industria manufacturera;C - Manufaktura industria;29 - Fabricación de vehículos de motor, remolques y semirremolques;29 - Ibilgailu motordunen, atoien eta erdiatoien fabrikazioa;AÑANA;VALLES ALAVESES;1
2022-02;Régimen general, autónomos, agrarios;Erregimen Orokorrara, autonomoak, nekazaritzakoak;Personas ocupadas;Landunak;45 a 54;3;Hombre;Gizona;No Extranjero;Ez atzerritarra;01049;01;Araba;1;Hasta obligatorios;Derrigorrezko ikasketak arte;0;Sin contributiva;Prestazio Kontribuziorik gabe;0;Sin RGI;DBErik gabe;0;Sin subisidio;Subsidiorik gabe;1;F - Construcción;F - Eraikuntza;43 - Actividades de construcción especializada;43 - Eraikuntza espezializatuko jarduerak;AÑANA;VALLES ALAVESES;1
2022-03;Régimen general, autónomos, agrarios;Erregimen Orokorrara, autonomoak, nekazaritzakoak;Personas ocupadas;Landunak;45 a 54;3;Hombre;Gizona;No Extranjero;Ez atzerritarra;01049;01;Araba;1;Hasta obligatorios;Derrigorrezko ikasketak arte;0;Sin contributiva;Prestazio Kontribuziorik gabe;0;Sin RGI;DBErik gabe;0;Sin subisidio;Subsidiorik gabe;1;F - Construcción;F - Eraikuntza;43 - Actividades de construcción especializada;43 - Eraikuntza espezializatuko jarduerak;AÑANA;VALLES ALAVESES;1
2022-04;Paro registrado;Erregistratutako langabezia;Paro registrado;Erregistratutako langabezia;45 a 54;3;Hombre;Gizona;No Extranjero;Ez atzerritarra;01049;01;Araba;1;Hasta obligatorios;Derrigorrezko ikasketak arte;0;Sin contributiva;Prestazio Kontribuziorik gabe;0;Sin RGI;DBErik gabe;0;Sin subisidio;Subsidiorik gabe;0;R - Actividades artísticas, recreativas y de entrenimiento;R - Arte, aisialdi eta entretenitzeko jarduerak;91 - Actividades de bibliotecas, archivos, museos y otras actividades culturales;91 - Liburutegi, agiritegi eta museoko jarduerak eta beste kultur jarduera batzuk;AÑANA;VALLES ALAVESES;1
2022-04;Paro registrado;Erregistratutako langabezia;Paro registrado;Erregistratutako langabezia;>=55;4;Hombre;Gizona;No Extranjero;Ez atzerritarra;01049;01;Araba;1;Hasta obligatorios;Derrigorrezko ikasketak arte;0;Sin contributiva;Prestazio Kontribuziorik gabe;0;Sin RGI;DBErik gabe;0;Sin subisidio;Subsidiorik gabe;0;O - Administración Pública y defensa, Seguridad Social obligatoria;O - Herri administrazioa eta defentsa: derrigorrezko gizarte segurantza;84 - Administración Pública y defensa: Seguridad Social obligatoria;84 - Herri Administrazioa eta defentsa: Derrigorrezko Gizarte Segurantza;AÑANA;VALLES ALAVESES;1
2022-04;Régimen general, autónomos, agrarios;Erregimen Orokorrara, autonomoak, nekazaritzakoak;Personas ocupadas;Landunak;30 a 44;2;Mujer;Emakumea;No Extranjero;Ez atzerritarra;01049;01;Araba;1;Hasta obligatorios;Derrigorrezko ikasketak arte;0;Sin contributiva;Prestazio Kontribuziorik gabe;0;Sin RGI;DBErik gabe;0;Sin subisidio;Subsidiorik gabe;0;I - Hostelería;I - Ostalaritza;56 - Servicios de comidas y bebidas;56 - Jaki eta edari zerbitzuak;AÑANA;VALLES ALAVESES;1
2022-04;Régimen general, autónomos, agrarios;Erregimen Orokorrara, autonomoak, nekazaritzakoak;Personas ocupadas;Landunak;30 a 44;2;Mujer;Emakumea;No Extranjero;Ez atzerritarra;01049;01;Araba;5;Universitarios;Unibertsitarioak;0;Sin contributiva;Prestazio Kontribuziorik gabe;0;Sin RGI;DBErik gabe;0;Sin subisidio;Subsidiorik gabe;0;C - Industria manufacturera;C - Manufaktura industria;28 - Fabricación de maquinaria y equipo n.c.o.p.;28 - Beste inon sailkatu gabeko makinen eta ekipoen fabrikazioa;AÑANA;VALLES ALAVESES;1
2022-04;Régimen general, autónomos, agrarios;Erregimen Orokorrara, autonomoak, nekazaritzakoak;Personas ocupadas;Landunak;>=55;4;Hombre;Gizona;No Extranjero;Ez atzerritarra;01049;01;Araba;3;FP Medio;Erdi-mailako LH;0;Sin contributiva;Prestazio Kontribuziorik gabe;0;Sin RGI;DBErik gabe;0;Sin subisidio;Subsidiorik gabe;0;G - Comercio al por mayor y al por menor, reparación de vehículos de motor y motocicletas;G - Handizkako eta txikizkako merkataritza: ibilgailu motordunen eta motozikleten konponketa;46 - Comercio al por mayor e intermediarios del comercio, excepto de vehículos de motor y motocicletas;46 - Handizkako merkataritza eta merkataritzako bitartekariak, ibilgailu motordunen eta motozikletena salbu;AÑANA;VALLES ALAVESES;1
2022-05;Paro registrado;Erregistratutako langabezia;Paro registrado;Erregistratutako langabezia;<30;1;Hombre;Gizona;No Extranjero;Ez atzerritarra;01049;01;Araba;2;Bachiller;Batxilergoa;0;Sin contributiva;Prestazio Kontribuziorik gabe;0;Sin RGI;DBErik gabe;0;Sin subisidio;Subsidiorik gabe;0;C - Industria manufacturera;C - Manufaktura industria;29 - Fabricación de vehículos de motor, remolques y semirremolques;29 - Ibilgailu motordunen, atoien eta erdiatoien fabrikazioa;AÑANA;VALLES ALAVESES;1
2022-06;Paro registrado;Erregistratutako langabezia;Paro registrado;Erregistratutako langabezia;<30;1;Hombre;Gizona;No Extranjero;Ez atzerritarra;01049;01;Araba;1;Hasta obligatorios;Derrigorrezko ikasketak arte;1;Con contributiva;Prestazio kontributiboarekin;0;Sin RGI;DBErik gabe;0;Sin subisidio;Subsidiorik gabe;0;C - Industria manufacturera;C - Manufaktura industria;29 - Fabricación de vehículos de motor, remolques y semirremolques;29 - Ibilgailu motordunen, atoien eta erdiatoien fabrikazioa;AÑANA;VALLES ALAVESES;1
2022-06;Paro registrado;Erregistratutako langabezia;Paro registrado;Erregistratutako langabezia;<30;1;Hombre;Gizona;No Extranjero;Ez atzerritarra;01049;01;Araba;5;Universitarios;Unibertsitarioak;0;Sin contributiva;Prestazio Kontribuziorik gabe;0;Sin RGI;DBErik gabe;0;Sin subisidio;Subsidiorik gabe;0;C - Industria manufacturera;C - Manufaktura industria;29 - Fabricación de vehículos de motor, remolques y semirremolques;29 - Ibilgailu motordunen, atoien eta erdiatoien fabrikazioa;AÑANA;VALLES ALAVESES;1
2022-06;Suspendidos con intermediación;Lan-bitartekaritzarekin etenda daudenak;Demandantes no parados;Langabezian ez dauden eskatzaileak;30 a 44;2;Mujer;Emakumea;No Extranjero;Ez atzerritarra;01049;01;Araba;1;Hasta obligatorios;Derrigorrezko ikasketak arte;0;Sin contributiva;Prestazio Kontribuziorik gabe;0;Sin RGI;DBErik gabe;0;Sin subisidio;Subsidiorik gabe;0;P - Educación;P - Hezkuntza;85 - Educación;85 - Hezkuntza;AÑANA;VALLES ALAVESES;1
2022-07;Paro registrado;Erregistratutako langabezia;Paro registrado;Erregistratutako langabezia;45 a 54;3;Hombre;Gizona;No Extranjero;Ez atzerritarra;01049;01;Araba;1;Hasta obligatorios;Derrigorrezko ikasketak arte;0;Sin contributiva;Prestazio Kontribuziorik gabe;0;Sin RGI;DBErik gabe;0;Sin subisidio;Subsidiorik gabe;0;R - Actividades artísticas, recreativas y de entrenimiento;R - Arte, aisialdi eta entretenitzeko jarduerak;91 - Actividades de bibliotecas, archivos, museos y otras actividades culturales;91 - Liburutegi, agiritegi eta museoko jarduerak eta beste kultur jarduera batzuk;AÑANA;VALLES ALAVESES;1
2022-07;Régimen general, autónomos, agrarios;Erregimen Orokorrara, autonomoak, nekazaritzakoak;Personas ocupadas;Landunak;45 a 54;3;Hombre;Gizona;No Extranjero;Ez atzerritarra;01049;01;Araba;1;Hasta obligatorios;Derrigorrezko ikasketak arte;0;Sin contributiva;Prestazio Kontribuziorik gabe;0;Sin RGI;DBErik gabe;0;Sin subisidio;Subsidiorik gabe;1;F - Construcción;F - Eraikuntza;43 - Actividades de construcción especializada;43 - Eraikuntza espezializatuko jarduerak;AÑANA;VALLES ALAVESES;1
2022-07;Régimen general, autónomos, agrarios;Erregimen Orokorrara, autonomoak, nekazaritzakoak;Personas ocupadas;Landunak;<30;1;Hombre;Gizona;No Extranjero;Ez atzerritarra;01049;01;Araba;5;Universitarios;Unibertsitarioak;0;Sin contributiva;Prestazio Kontribuziorik gabe;0;Sin RGI;DBErik gabe;0;Sin subisidio;Subsidiorik gabe;0;N - Actividades administrativas y servicios auxliares;N - Administrazio jarduerak eta zerbitzu lagungarriak;79 - Actividades de agencias de viajes, operadores turísticos, servicios de reservas y actividades relacionadas con los mismos;79 - Bidaia-agentzien, bidaia-agentzia handizkarien, erreserba zerbitzuen jarduerak eta horiekin guztiekin uztartutako jarduerak;AÑANA;VALLES ALAVESES;1
2022-07;Régimen general, autónomos, agrarios;Erregimen Orokorrara, autonomoak, nekazaritzakoak;Personas ocupadas;Landunak;>=55;4;Hombre;Gizona;No Extranjero;Ez atzerritarra;01049;01;Araba;1;Hasta obligatorios;Derrigorrezko ikasketak arte;0;Sin contributiva;Prestazio Kontribuziorik gabe;0;Sin RGI;DBErik gabe;0;Sin subisidio;Subsidiorik gabe;1;C - Industria manufacturera;C - Manufaktura industria;28 - Fabricación de maquinaria y equipo n.c.o.p.;28 - Beste inon sailkatu gabeko makinen eta ekipoen fabrikazioa;AÑANA;VALLES ALAVESES;1
2022-08;Jubilados;Erretiratuak;Demandantes no parados;Langabezian ez dauden eskatzaileak;>=55;4;Hombre;Gizona;No Extranjero;Ez atzerritarra;01049;01;Araba;1;Hasta obligatorios;Derrigorrezko ikasketak arte;0;Sin contributiva;Prestazio Kontribuziorik gabe;0;Sin RGI;DBErik gabe;0;Sin subisidio;Subsidiorik gabe;0;C - Industria manufacturera;C - Manufaktura industria;29 - Fabricación de vehículos de motor, remolques y semirremolques;29 - Ibilgailu motordunen, atoien eta erdiatoien fabrikazioa;AÑANA;VALLES ALAVESES;1
2022-08;Paro registrado;Erregistratutako langabezia;Paro registrado;Erregistratutako langabezia;45 a 54;3;Hombre;Gizona;No Extranjero;Ez atzerritarra;01049;01;Araba;1;Hasta obligatorios;Derrigorrezko ikasketak arte;0;Sin contributiva;Prestazio Kontribuziorik gabe;0;Sin RGI;DBErik gabe;0;Sin subisidio;Subsidiorik gabe;0;R - Actividades artísticas, recreativas y de entrenimiento;R - Arte, aisialdi eta entretenitzeko jarduerak;91 - Actividades de bibliotecas, archivos, museos y otras actividades culturales;91 - Liburutegi, agiritegi eta museoko jarduerak eta beste kultur jarduera batzuk;AÑANA;VALLES ALAVESES;1
2022-08;Paro registrado;Erregistratutako langabezia;Paro registrado;Erregistratutako langabezia;>=55;4;Hombre;Gizona;No Extranjero;Ez atzerritarra;01049;01;Araba;1;Hasta obligatorios;Derrigorrezko ikasketak arte;0;Sin contributiva;Prestazio Kontribuziorik gabe;0;Sin RGI;DBErik gabe;0;Sin subisidio;Subsidiorik gabe;0;O - Administración Pública y defensa, Seguridad Social obligatoria;O - Herri administrazioa eta defentsa: derrigorrezko gizarte segurantza;84 - Administración Pública y defensa: Seguridad Social obligatoria;84 - Herri Administrazioa eta defentsa: Derrigorrezko Gizarte Segurantza;AÑANA;VALLES ALAVESES;1
2022-08;Régimen general, autónomos, agrarios;Erregimen Orokorrara, autonomoak, nekazaritzakoak;Personas ocupadas;Landunak;45 a 54;3;Hombre;Gizona;No Extranjero;Ez atzerritarra;01049;01;Araba;1;Hasta obligatorios;Derrigorrezko ikasketak arte;0;Sin contributiva;Prestazio Kontribuziorik gabe;0;Sin RGI;DBErik gabe;0;Sin subisidio;Subsidiorik gabe;1;F - Construcción;F - Eraikuntza;43 - Actividades de construcción especializada;43 - Eraikuntza espezializatuko jarduerak;AÑANA;VALLES ALAVESES;1
2022-09;Fijos discontinuos;Aldizkako langile finkoak;Demandantes no parados;Langabezian ez dauden eskatzaileak;45 a 54;3;Hombre;Gizona;No Extranjero;Ez atzerritarra;01049;01;Araba;2;Bachiller;Batxilergoa;0;Sin contributiva;Prestazio Kontribuziorik gabe;0;Sin RGI;DBErik gabe;0;Sin subisidio;Subsidiorik gabe;0;I - Hostelería;I - Ostalaritza;56 - Servicios de comidas y bebidas;56 - Jaki eta edari zerbitzuak;AÑANA;VALLES ALAVESES;1
2022-09;Paro registrado;Erregistratutako langabezia;Paro registrado;Erregistratutako langabezia;<30;1;Hombre;Gizona;Extracomunitario;Europar Batasunetik kanpoko atzerritarra;01049;01;Araba;1;Hasta obligatorios;Derrigorrezko ikasketak arte;0;Sin contributiva;Prestazio Kontribuziorik gabe;0;Sin RGI;DBErik gabe;1;Con subisidio;Subsidioarekin;0;N - Actividades administrativas y servicios auxliares;N - Administrazio jarduerak eta zerbitzu lagungarriak;78 - Actividades relacionadas con el empleo;78 - Enpleguarekin uztartutako jarduerak;AÑANA;VALLES ALAVESES;1
2022-09;Paro registrado;Erregistratutako langabezia;Paro registrado;Erregistratutako langabezia;>=55;4;Hombre;Gizona;No Extranjero;Ez atzerritarra;01049;01;Araba;1;Hasta obligatorios;Derrigorrezko ikasketak arte;0;Sin contributiva;Prestazio Kontribuziorik gabe;0;Sin RGI;DBErik gabe;0;Sin subisidio;Subsidiorik gabe;0;O - Administración Pública y defensa, Seguridad Social obligatoria;O - Herri administrazioa eta defentsa: derrigorrezko gizarte segurantza;84 - Administración Pública y defensa: Seguridad Social obligatoria;84 - Herri Administrazioa eta defentsa: Derrigorrezko Gizarte Segurantza;AÑANA;VALLES ALAVESES;1
2022-10;Fijos discontinuos;Aldizkako langile finkoak;Demandantes no parados;Langabezian ez dauden eskatzaileak;45 a 54;3;Hombre;Gizona;No Extranjero;Ez atzerritarra;01049;01;Araba;2;Bachiller;Batxilergoa;0;Sin contributiva;Prestazio Kontribuziorik gabe;0;Sin RGI;DBErik gabe;0;Sin subisidio;Subsidiorik gabe;0;I - Hostelería;I - Ostalaritza;56 - Servicios de comidas y bebidas;56 - Jaki eta edari zerbitzuak;AÑANA;VALLES ALAVESES;1
2022-10;Jubilados;Erretiratuak;Demandantes no parados;Langabezian ez dauden eskatzaileak;>=55;4;Hombre;Gizona;No Extranjero;Ez atzerritarra;01049;01;Araba;1;Hasta obligatorios;Derrigorrezko ikasketak arte;0;Sin contributiva;Prestazio Kontribuziorik gabe;0;Sin RGI;DBErik gabe;0;Sin subisidio;Subsidiorik gabe;0;C - Industria manufacturera;C - Manufaktura industria;29 - Fabricación de vehículos de motor, remolques y semirremolques;29 - Ibilgailu motordunen, atoien eta erdiatoien fabrikazioa;AÑANA;VALLES ALAVESES;1
2022-10;Paro registrado;Erregistratutako langabezia;Paro registrado;Erregistratutako langabezia;45 a 54;3;Hombre;Gizona;No Extranjero;Ez atzerritarra;01049;01;Araba;1;Hasta obligatorios;Derrigorrezko ikasketak arte;0;Sin contributiva;Prestazio Kontribuziorik gabe;0;Sin RGI;DBErik gabe;0;Sin subisidio;Subsidiorik gabe;0;R - Actividades artísticas, recreativas y de entrenimiento;R - Arte, aisialdi eta entretenitzeko jarduerak;91 - Actividades de bibliotecas, archivos, museos y otras actividades culturales;91 - Liburutegi, agiritegi eta museoko jarduerak eta beste kultur jarduera batzuk;AÑANA;VALLES ALAVESES;1
2022-10;Paro registrado;Erregistratutako langabezia;Paro registrado;Erregistratutako langabezia;<30;1;Hombre;Gizona;No Extranjero;Ez atzerritarra;01049;01;Araba;1;Hasta obligatorios;Derrigorrezko ikasketak arte;1;Con contributiva;Prestazio kontributiboarekin;0;Sin RGI;DBErik gabe;0;Sin subisidio;Subsidiorik gabe;0;C - Industria manufacturera;C - Manufaktura industria;29 - Fabricación de vehículos de motor, remolques y semirremolques;29 - Ibilgailu motordunen, atoien eta erdiatoien fabrikazioa;AÑANA;VALLES ALAVESES;1
2022-11;Fijos discontinuos;Aldizkako langile finkoak;Demandantes no parados;Langabezian ez dauden eskatzaileak;45 a 54;3;Hombre;Gizona;No Extranjero;Ez atzerritarra;01049;01;Araba;1;Hasta obligatorios;Derrigorrezko ikasketak arte;1;Con contributiva;Prestazio kontributiboarekin;1;Con RGI;DBErekin;0;Sin subisidio;Subsidiorik gabe;0;N - Actividades administrativas y servicios auxliares;N - Administrazio jarduerak eta zerbitzu lagungarriak;78 - Actividades relacionadas con el empleo;78 - Enpleguarekin uztartutako jarduerak;AÑANA;VALLES ALAVESES;1
2022-11;Fijos discontinuos;Aldizkako langile finkoak;Demandantes no parados;Langabezian ez dauden eskatzaileak;45 a 54;3;Hombre;Gizona;No Extranjero;Ez atzerritarra;01049;01;Araba;2;Bachiller;Batxilergoa;0;Sin contributiva;Prestazio Kontribuziorik gabe;0;Sin RGI;DBErik gabe;0;Sin subisidio;Subsidiorik gabe;0;I - Hostelería;I - Ostalaritza;56 - Servicios de comidas y bebidas;56 - Jaki eta edari zerbitzuak;AÑANA;VALLES ALAVESES;1
2022-11;Paro registrado;Erregistratutako langabezia;Paro registrado;Erregistratutako langabezia;45 a 54;3;Hombre;Gizona;No Extranjero;Ez atzerritarra;01049;01;Araba;1;Hasta obligatorios;Derrigorrezko ikasketak arte;0;Sin contributiva;Prestazio Kontribuziorik gabe;0;Sin RGI;DBErik gabe;0;Sin subisidio;Subsidiorik gabe;0;R - Actividades artísticas, recreativas y de entrenimiento;R - Arte, aisialdi eta entretenitzeko jarduerak;91 - Actividades de bibliotecas, archivos, museos y otras actividades culturales;91 - Liburutegi, agiritegi eta museoko jarduerak eta beste kultur jarduera batzuk;AÑANA;VALLES ALAVESES;1
2022-11;Régimen general, autónomos, agrarios;Erregimen Orokorrara, autonomoak, nekazaritzakoak;Personas ocupadas;Landunak;30 a 44;2;Mujer;Emakumea;No Extranjero;Ez atzerritarra;01049;01;Araba;5;Universitarios;Unibertsitarioak;0;Sin contributiva;Prestazio Kontribuziorik gabe;0;Sin RGI;DBErik gabe;0;Sin subisidio;Subsidiorik gabe;0;C - Industria manufacturera;C - Manufaktura industria;28 - Fabricación de maquinaria y equipo n.c.o.p.;28 - Beste inon sailkatu gabeko makinen eta ekipoen fabrikazioa;AÑANA;VALLES ALAVESES;1
